video_path,cate,modality
D:/WWF_Det/WWF_Data/Raw_Data/top14-p1-p2-p3-merged/baichunlu/videos/00002.MP4,baichunlu,RGB
D:/WWF_Det/WWF_Data/Raw_Data/top14-p1-p2-p3-merged/baichunlu/videos/00006.MP4,baichunlu,RGB
D:/WWF_Det/WWF_Data/Raw_Data/top14-p1-p2-p3-merged/baichunlu/videos/00014.MP4,baichunlu,RGB
D:/WWF_Det/WWF_Data/Raw_Data/top14-p1-p2-p3-merged/baichunlu/videos/00017.MP4,baichunlu,RGB
D:/WWF_Det/WWF_Data/Raw_Data/top14-p1-p2-p3-merged/baichunlu/videos/00021.MP4,baichunlu,RGB
D:/WWF_Det/WWF_Data/Raw_Data/top14-p1-p2-p3-merged/baichunlu/videos/00025.MP4,baichunlu,RGB
D:/WWF_Det/WWF_Data/Raw_Data/top14-p1-p2-p3-merged/baichunlu/videos/00026.MP4,baichunlu,RGB
D:/WWF_Det/WWF_Data/Raw_Data/top14-p1-p2-p3-merged/baichunlu/videos/00034.MP4,baichunlu,RGB
D:/WWF_Det/WWF_Data/Raw_Data/top14-p1-p2-p3-merged/baichunlu/videos/00036.MP4,baichunlu,RGB
D:/WWF_Det/WWF_Data/Raw_Data/top14-p1-p2-p3-merged/baichunlu/videos/00046.AVI,baichunlu,RGB
D:/WWF_Det/WWF_Data/Raw_Data/top14-p1-p2-p3-merged/baichunlu/videos/00056.AVI,baichunlu,RGB
D:/WWF_Det/WWF_Data/Raw_Data/top14-p1-p2-p3-merged/baichunlu/videos/00059.AVI,baichunlu,Infra
D:/WWF_Det/WWF_Data/Raw_Data/top14-p1-p2-p3-merged/baichunlu/videos/00060.AVI,baichunlu,Infra
D:/WWF_Det/WWF_Data/Raw_Data/top14-p1-p2-p3-merged/baichunlu/videos/00064.AVI,baichunlu,RGB
D:/WWF_Det/WWF_Data/Raw_Data/top14-p1-p2-p3-merged/baichunlu/videos/00066.AVI,baichunlu,RGB
D:/WWF_Det/WWF_Data/Raw_Data/top14-p1-p2-p3-merged/baichunlu/videos/00067.AVI,baichunlu,Infra
D:/WWF_Det/WWF_Data/Raw_Data/top14-p1-p2-p3-merged/baichunlu/videos/00079.AVI,baichunlu,RGB
D:/WWF_Det/WWF_Data/Raw_Data/top14-p1-p2-p3-merged/baichunlu/videos/00086.AVI,baichunlu,RGB
D:/WWF_Det/WWF_Data/Raw_Data/top14-p1-p2-p3-merged/baichunlu/videos/00087.AVI,baichunlu,RGB
D:/WWF_Det/WWF_Data/Raw_Data/top14-p1-p2-p3-merged/baichunlu/videos/00089.AVI,baichunlu,RGB
D:/WWF_Det/WWF_Data/Raw_Data/top14-p1-p2-p3-merged/baichunlu/videos/00094.AVI,baichunlu,RGB
D:/WWF_Det/WWF_Data/Raw_Data/top14-p1-p2-p3-merged/baichunlu/videos/00095.AVI,baichunlu,RGB
D:/WWF_Det/WWF_Data/Raw_Data/top14-p1-p2-p3-merged/baichunlu/videos/00099.AVI,baichunlu,RGB
D:/WWF_Det/WWF_Data/Raw_Data/top14-p1-p2-p3-merged/baichunlu/videos/00106.AVI,baichunlu,Infra
D:/WWF_Det/WWF_Data/Raw_Data/top14-p1-p2-p3-merged/baichunlu/videos/00108.AVI,baichunlu,Infra
D:/WWF_Det/WWF_Data/Raw_Data/top14-p1-p2-p3-merged/baichunlu/videos/00113.AVI,baichunlu,RGB
D:/WWF_Det/WWF_Data/Raw_Data/top14-p1-p2-p3-merged/baichunlu/videos/00117.AVI,baichunlu,RGB
D:/WWF_Det/WWF_Data/Raw_Data/top14-p1-p2-p3-merged/baichunlu/videos/00119.AVI,baichunlu,RGB
D:/WWF_Det/WWF_Data/Raw_Data/top14-p1-p2-p3-merged/baichunlu/videos/00137.AVI,baichunlu,RGB
D:/WWF_Det/WWF_Data/Raw_Data/top14-p1-p2-p3-merged/baichunlu/videos/00144.AVI,baichunlu,RGB
D:/WWF_Det/WWF_Data/Raw_Data/top14-p1-p2-p3-merged/baichunlu/videos/00145.AVI,baichunlu,RGB
D:/WWF_Det/WWF_Data/Raw_Data/top14-p1-p2-p3-merged/baichunlu/videos/00154.AVI,baichunlu,RGB
D:/WWF_Det/WWF_Data/Raw_Data/top14-p1-p2-p3-merged/baichunlu/videos/00174.AVI,baichunlu,RGB
D:/WWF_Det/WWF_Data/Raw_Data/top14-p1-p2-p3-merged/baichunlu/videos/00198.AVI,baichunlu,Infra
D:/WWF_Det/WWF_Data/Raw_Data/top14-p1-p2-p3-merged/baichunlu/videos/00200.AVI,baichunlu,Infra
D:/WWF_Det/WWF_Data/Raw_Data/top14-p1-p2-p3-merged/baichunlu/videos/00201.AVI,baichunlu,Infra
D:/WWF_Det/WWF_Data/Raw_Data/top14-p1-p2-p3-merged/baichunlu/videos/00209.AVI,baichunlu,RGB
D:/WWF_Det/WWF_Data/Raw_Data/top14-p1-p2-p3-merged/baichunlu/videos/00212.AVI,baichunlu,RGB
D:/WWF_Det/WWF_Data/Raw_Data/top14-p1-p2-p3-merged/baichunlu/videos/00218.AVI,baichunlu,Infra
D:/WWF_Det/WWF_Data/Raw_Data/top14-p1-p2-p3-merged/baichunlu/videos/00225.AVI,baichunlu,RGB
D:/WWF_Det/WWF_Data/Raw_Data/top14-p1-p2-p3-merged/baichunlu/videos/00232.AVI,baichunlu,RGB
D:/WWF_Det/WWF_Data/Raw_Data/top14-p1-p2-p3-merged/baichunlu/videos/00249.AVI,baichunlu,RGB
D:/WWF_Det/WWF_Data/Raw_Data/top14-p1-p2-p3-merged/baichunlu/videos/00257.AVI,baichunlu,RGB
D:/WWF_Det/WWF_Data/Raw_Data/top14-p1-p2-p3-merged/baichunlu/videos/00267.AVI,baichunlu,RGB
D:/WWF_Det/WWF_Data/Raw_Data/top14-p1-p2-p3-merged/baichunlu/videos/00276.AVI,baichunlu,RGB
D:/WWF_Det/WWF_Data/Raw_Data/top14-p1-p2-p3-merged/baichunlu/videos/00283.AVI,baichunlu,RGB
D:/WWF_Det/WWF_Data/Raw_Data/top14-p1-p2-p3-merged/baichunlu/videos/00286.MP4,baichunlu,RGB
D:/WWF_Det/WWF_Data/Raw_Data/top14-p1-p2-p3-merged/chihu/videos/00001.MP4,chihu,RGB
D:/WWF_Det/WWF_Data/Raw_Data/top14-p1-p2-p3-merged/chihu/videos/00004.MP4,chihu,RGB
D:/WWF_Det/WWF_Data/Raw_Data/top14-p1-p2-p3-merged/chihu/videos/00006.MP4,chihu,RGB
D:/WWF_Det/WWF_Data/Raw_Data/top14-p1-p2-p3-merged/chihu/videos/00007.MP4,chihu,RGB
D:/WWF_Det/WWF_Data/Raw_Data/top14-p1-p2-p3-merged/chihu/videos/00015.MOV,chihu,RGB
D:/WWF_Det/WWF_Data/Raw_Data/top14-p1-p2-p3-merged/chihu/videos/00021.AVI,chihu,Infra
D:/WWF_Det/WWF_Data/Raw_Data/top14-p1-p2-p3-merged/chihu/videos/00025.MOV,chihu,RGB
D:/WWF_Det/WWF_Data/Raw_Data/top14-p1-p2-p3-merged/chihu/videos/00033.MOV,chihu,Infra
D:/WWF_Det/WWF_Data/Raw_Data/top14-p1-p2-p3-merged/chihu/videos/00034.MOV,chihu,Infra
D:/WWF_Det/WWF_Data/Raw_Data/top14-p1-p2-p3-merged/chihu/videos/00036.MOV,chihu,Infra
D:/WWF_Det/WWF_Data/Raw_Data/top14-p1-p2-p3-merged/chihu/videos/00037.MOV,chihu,Infra
D:/WWF_Det/WWF_Data/Raw_Data/top14-p1-p2-p3-merged/chihu/videos/00054.MOV,chihu,RGB
D:/WWF_Det/WWF_Data/Raw_Data/top14-p1-p2-p3-merged/chihu/videos/00065.AVI,chihu,Infra
D:/WWF_Det/WWF_Data/Raw_Data/top14-p1-p2-p3-merged/chihu/videos/00097.AVI,chihu,Infra
D:/WWF_Det/WWF_Data/Raw_Data/top14-p1-p2-p3-merged/chihu/videos/00110.MP4,chihu,RGB
D:/WWF_Det/WWF_Data/Raw_Data/top14-p1-p2-p3-merged/chihu/videos/00112.MP4,chihu,RGB
D:/WWF_Det/WWF_Data/Raw_Data/top14-p1-p2-p3-merged/chihu/videos/00122.AVI,chihu,RGB
D:/WWF_Det/WWF_Data/Raw_Data/top14-p1-p2-p3-merged/chihu/videos/00124.AVI,chihu,Infra
D:/WWF_Det/WWF_Data/Raw_Data/top14-p1-p2-p3-merged/chihu/videos/00134.MP4,chihu,RGB
D:/WWF_Det/WWF_Data/Raw_Data/top14-p1-p2-p3-merged/chihu/videos/00136.MP4,chihu,RGB
D:/WWF_Det/WWF_Data/Raw_Data/top14-p1-p2-p3-merged/chihu/videos/00138.MP4,chihu,RGB
D:/WWF_Det/WWF_Data/Raw_Data/top14-p1-p2-p3-merged/chihu/videos/00145.AVI,chihu,Infra
D:/WWF_Det/WWF_Data/Raw_Data/top14-p1-p2-p3-merged/chihu/videos/00146.AVI,chihu,RGB
D:/WWF_Det/WWF_Data/Raw_Data/top14-p1-p2-p3-merged/chihu/videos/00168.MP4,chihu,RGB
D:/WWF_Det/WWF_Data/Raw_Data/top14-p1-p2-p3-merged/chihu/videos/00171.MP4,chihu,RGB
D:/WWF_Det/WWF_Data/Raw_Data/top14-p1-p2-p3-merged/chihu/videos/00173.MP4,chihu,RGB
D:/WWF_Det/WWF_Data/Raw_Data/top14-p1-p2-p3-merged/chihu/videos/00174.MP4,chihu,RGB
D:/WWF_Det/WWF_Data/Raw_Data/top14-p1-p2-p3-merged/chihu/videos/00184.MP4,chihu,RGB
D:/WWF_Det/WWF_Data/Raw_Data/top14-p1-p2-p3-merged/chihu/videos/00185.MP4,chihu,RGB
D:/WWF_Det/WWF_Data/Raw_Data/top14-p1-p2-p3-merged/chihu/videos/00186.MP4,chihu,RGB
D:/WWF_Det/WWF_Data/Raw_Data/top14-p1-p2-p3-merged/chihu/videos/00194.MP4,chihu,RGB
D:/WWF_Det/WWF_Data/Raw_Data/top14-p1-p2-p3-merged/chihu/videos/00201.MP4,chihu,RGB
D:/WWF_Det/WWF_Data/Raw_Data/top14-p1-p2-p3-merged/chihu/videos/00202.MP4,chihu,RGB
D:/WWF_Det/WWF_Data/Raw_Data/top14-p1-p2-p3-merged/chihu/videos/00204.MP4,chihu,RGB
D:/WWF_Det/WWF_Data/Raw_Data/top14-p1-p2-p3-merged/chihu/videos/00207.MP4,chihu,RGB
D:/WWF_Det/WWF_Data/Raw_Data/top14-p1-p2-p3-merged/chihu/videos/00209.AVI,chihu,Infra
D:/WWF_Det/WWF_Data/Raw_Data/top14-p1-p2-p3-merged/chihu/videos/00210.AVI,chihu,Infra
D:/WWF_Det/WWF_Data/Raw_Data/top14-p1-p2-p3-merged/chihu/videos/00223.MP4,chihu,RGB
D:/WWF_Det/WWF_Data/Raw_Data/top14-p1-p2-p3-merged/chihu/videos/00224.MP4,chihu,RGB
D:/WWF_Det/WWF_Data/Raw_Data/top14-p1-p2-p3-merged/chihu/videos/00227.MP4,chihu,RGB
D:/WWF_Det/WWF_Data/Raw_Data/top14-p1-p2-p3-merged/chihu/videos/00231.MP4,chihu,RGB
D:/WWF_Det/WWF_Data/Raw_Data/top14-p1-p2-p3-merged/chihu/videos/00234.MP4,chihu,RGB
D:/WWF_Det/WWF_Data/Raw_Data/top14-p1-p2-p3-merged/chihu/videos/00238.MP4,chihu,RGB
D:/WWF_Det/WWF_Data/Raw_Data/top14-p1-p2-p3-merged/chihu/videos/00239.MP4,chihu,RGB
D:/WWF_Det/WWF_Data/Raw_Data/top14-p1-p2-p3-merged/chihu/videos/00251.MP4,chihu,RGB
D:/WWF_Det/WWF_Data/Raw_Data/top14-p1-p2-p3-merged/chihu/videos/00267.MOV,chihu,Infra
D:/WWF_Det/WWF_Data/Raw_Data/top14-p1-p2-p3-merged/chihu/videos/00274.AVI,chihu,Infra
D:/WWF_Det/WWF_Data/Raw_Data/top14-p1-p2-p3-merged/chihu/videos/00285.AVI,chihu,Infra
D:/WWF_Det/WWF_Data/Raw_Data/top14-p1-p2-p3-merged/chihu/videos/00289.AVI,chihu,Infra
D:/WWF_Det/WWF_Data/Raw_Data/top14-p1-p2-p3-merged/chihu/videos/00301.AVI,chihu,RGB
D:/WWF_Det/WWF_Data/Raw_Data/top14-p1-p2-p3-merged/gaoyuanshanchun/videos/00001.AVI,gaoyuanshanchun,RGB
D:/WWF_Det/WWF_Data/Raw_Data/top14-p1-p2-p3-merged/gaoyuanshanchun/videos/00002.AVI,gaoyuanshanchun,RGB
D:/WWF_Det/WWF_Data/Raw_Data/top14-p1-p2-p3-merged/gaoyuanshanchun/videos/00003.AVI,gaoyuanshanchun,RGB
D:/WWF_Det/WWF_Data/Raw_Data/top14-p1-p2-p3-merged/gaoyuanshanchun/videos/00005.AVI,gaoyuanshanchun,RGB
D:/WWF_Det/WWF_Data/Raw_Data/top14-p1-p2-p3-merged/gaoyuanshanchun/videos/00006.MP4,gaoyuanshanchun,RGB
D:/WWF_Det/WWF_Data/Raw_Data/top14-p1-p2-p3-merged/gaoyuanshanchun/videos/00009.MOV,gaoyuanshanchun,RGB
D:/WWF_Det/WWF_Data/Raw_Data/top14-p1-p2-p3-merged/gaoyuanshanchun/videos/00010.MOV,gaoyuanshanchun,RGB
D:/WWF_Det/WWF_Data/Raw_Data/top14-p1-p2-p3-merged/gaoyuanshanchun/videos/00011.AVI,gaoyuanshanchun,RGB
D:/WWF_Det/WWF_Data/Raw_Data/top14-p1-p2-p3-merged/gaoyuanshanchun/videos/00014.AVI,gaoyuanshanchun,RGB
D:/WWF_Det/WWF_Data/Raw_Data/top14-p1-p2-p3-merged/gaoyuanshanchun/videos/00015.AVI,gaoyuanshanchun,RGB
D:/WWF_Det/WWF_Data/Raw_Data/top14-p1-p2-p3-merged/gaoyuanshanchun/videos/00016.AVI,gaoyuanshanchun,RGB
D:/WWF_Det/WWF_Data/Raw_Data/top14-p1-p2-p3-merged/gaoyuanshanchun/videos/00018.AVI,gaoyuanshanchun,RGB
D:/WWF_Det/WWF_Data/Raw_Data/top14-p1-p2-p3-merged/gaoyuanshanchun/videos/00019.AVI,gaoyuanshanchun,RGB
D:/WWF_Det/WWF_Data/Raw_Data/top14-p1-p2-p3-merged/gaoyuanshanchun/videos/00021.AVI,gaoyuanshanchun,RGB
D:/WWF_Det/WWF_Data/Raw_Data/top14-p1-p2-p3-merged/gaoyuanshanchun/videos/00022.AVI,gaoyuanshanchun,RGB
D:/WWF_Det/WWF_Data/Raw_Data/top14-p1-p2-p3-merged/gaoyuanshanchun/videos/00024.AVI,gaoyuanshanchun,RGB
D:/WWF_Det/WWF_Data/Raw_Data/top14-p1-p2-p3-merged/gaoyuanshanchun/videos/00027.AVI,gaoyuanshanchun,RGB
D:/WWF_Det/WWF_Data/Raw_Data/top14-p1-p2-p3-merged/gaoyuanshanchun/videos/00028.AVI,gaoyuanshanchun,RGB
D:/WWF_Det/WWF_Data/Raw_Data/top14-p1-p2-p3-merged/gaoyuanshanchun/videos/00031.AVI,gaoyuanshanchun,RGB
D:/WWF_Det/WWF_Data/Raw_Data/top14-p1-p2-p3-merged/gaoyuanshanchun/videos/00032.AVI,gaoyuanshanchun,RGB
D:/WWF_Det/WWF_Data/Raw_Data/top14-p1-p2-p3-merged/gaoyuanshanchun/videos/00033.AVI,gaoyuanshanchun,RGB
D:/WWF_Det/WWF_Data/Raw_Data/top14-p1-p2-p3-merged/gaoyuanshanchun/videos/00034.AVI,gaoyuanshanchun,RGB
D:/WWF_Det/WWF_Data/Raw_Data/top14-p1-p2-p3-merged/gaoyuanshanchun/videos/00035.AVI,gaoyuanshanchun,RGB
D:/WWF_Det/WWF_Data/Raw_Data/top14-p1-p2-p3-merged/gaoyuanshanchun/videos/00036.AVI,gaoyuanshanchun,RGB
D:/WWF_Det/WWF_Data/Raw_Data/top14-p1-p2-p3-merged/gaoyuanshanchun/videos/00038.AVI,gaoyuanshanchun,RGB
D:/WWF_Det/WWF_Data/Raw_Data/top14-p1-p2-p3-merged/gaoyuanshanchun/videos/00039.AVI,gaoyuanshanchun,RGB
D:/WWF_Det/WWF_Data/Raw_Data/top14-p1-p2-p3-merged/gaoyuanshanchun/videos/00040.AVI,gaoyuanshanchun,RGB
D:/WWF_Det/WWF_Data/Raw_Data/top14-p1-p2-p3-merged/gaoyuanshanchun/videos/00043.AVI,gaoyuanshanchun,RGB
D:/WWF_Det/WWF_Data/Raw_Data/top14-p1-p2-p3-merged/gaoyuanshanchun/videos/00046.AVI,gaoyuanshanchun,RGB
D:/WWF_Det/WWF_Data/Raw_Data/top14-p1-p2-p3-merged/gaoyuanshanchun/videos/00047.AVI,gaoyuanshanchun,RGB
D:/WWF_Det/WWF_Data/Raw_Data/top14-p1-p2-p3-merged/gaoyuanshanchun/videos/00050.AVI,gaoyuanshanchun,RGB
D:/WWF_Det/WWF_Data/Raw_Data/top14-p1-p2-p3-merged/gaoyuanshanchun/videos/00052.AVI,gaoyuanshanchun,RGB
D:/WWF_Det/WWF_Data/Raw_Data/top14-p1-p2-p3-merged/gaoyuanshanchun/videos/00053.AVI,gaoyuanshanchun,RGB
D:/WWF_Det/WWF_Data/Raw_Data/top14-p1-p2-p3-merged/gaoyuanshanchun/videos/00054.AVI,gaoyuanshanchun,RGB
D:/WWF_Det/WWF_Data/Raw_Data/top14-p1-p2-p3-merged/gaoyuanshanchun/videos/00056.AVI,gaoyuanshanchun,RGB
D:/WWF_Det/WWF_Data/Raw_Data/top14-p1-p2-p3-merged/gaoyuanshanchun/videos/00058.AVI,gaoyuanshanchun,RGB
D:/WWF_Det/WWF_Data/Raw_Data/top14-p1-p2-p3-merged/gaoyuanshanchun/videos/00060.AVI,gaoyuanshanchun,RGB
D:/WWF_Det/WWF_Data/Raw_Data/top14-p1-p2-p3-merged/gaoyuanshanchun/videos/00061.AVI,gaoyuanshanchun,RGB
D:/WWF_Det/WWF_Data/Raw_Data/top14-p1-p2-p3-merged/gaoyuanshanchun/videos/00063.AVI,gaoyuanshanchun,RGB
D:/WWF_Det/WWF_Data/Raw_Data/top14-p1-p2-p3-merged/gaoyuanshanchun/videos/00065.AVI,gaoyuanshanchun,RGB
D:/WWF_Det/WWF_Data/Raw_Data/top14-p1-p2-p3-merged/gaoyuanshanchun/videos/00067.AVI,gaoyuanshanchun,RGB
D:/WWF_Det/WWF_Data/Raw_Data/top14-p1-p2-p3-merged/gaoyuanshanchun/videos/00071.AVI,gaoyuanshanchun,RGB
D:/WWF_Det/WWF_Data/Raw_Data/top14-p1-p2-p3-merged/gaoyuanshanchun/videos/00072.AVI,gaoyuanshanchun,RGB
D:/WWF_Det/WWF_Data/Raw_Data/top14-p1-p2-p3-merged/gaoyuanshanchun/videos/00073.AVI,gaoyuanshanchun,RGB
D:/WWF_Det/WWF_Data/Raw_Data/top14-p1-p2-p3-merged/gaoyuanshanchun/videos/00074.AVI,gaoyuanshanchun,RGB
D:/WWF_Det/WWF_Data/Raw_Data/top14-p1-p2-p3-merged/gaoyuanshanchun/videos/00075.AVI,gaoyuanshanchun,RGB
D:/WWF_Det/WWF_Data/Raw_Data/top14-p1-p2-p3-merged/gaoyuanshanchun/videos/00078.AVI,gaoyuanshanchun,RGB
D:/WWF_Det/WWF_Data/Raw_Data/top14-p1-p2-p3-merged/gaoyuanshanchun/videos/00080.AVI,gaoyuanshanchun,RGB
D:/WWF_Det/WWF_Data/Raw_Data/top14-p1-p2-p3-merged/gaoyuanshanchun/videos/00081.AVI,gaoyuanshanchun,RGB
D:/WWF_Det/WWF_Data/Raw_Data/top14-p1-p2-p3-merged/gaoyuanshanchun/videos/00082.AVI,gaoyuanshanchun,RGB
D:/WWF_Det/WWF_Data/Raw_Data/top14-p1-p2-p3-merged/gaoyuantu/videos/00001.MP4,gaoyuantu,RGB
D:/WWF_Det/WWF_Data/Raw_Data/top14-p1-p2-p3-merged/gaoyuantu/videos/00003.MP4,gaoyuantu,RGB
D:/WWF_Det/WWF_Data/Raw_Data/top14-p1-p2-p3-merged/gaoyuantu/videos/00009.MOV,gaoyuantu,Infra
D:/WWF_Det/WWF_Data/Raw_Data/top14-p1-p2-p3-merged/gaoyuantu/videos/00010.MOV,gaoyuantu,Infra
D:/WWF_Det/WWF_Data/Raw_Data/top14-p1-p2-p3-merged/gaoyuantu/videos/00018.MP4,gaoyuantu,RGB
D:/WWF_Det/WWF_Data/Raw_Data/top14-p1-p2-p3-merged/gaoyuantu/videos/00023.AVI,gaoyuantu,Infra
D:/WWF_Det/WWF_Data/Raw_Data/top14-p1-p2-p3-merged/gaoyuantu/videos/00024.MP4,gaoyuantu,RGB
D:/WWF_Det/WWF_Data/Raw_Data/top14-p1-p2-p3-merged/gaoyuantu/videos/00025.MP4,gaoyuantu,RGB
D:/WWF_Det/WWF_Data/Raw_Data/top14-p1-p2-p3-merged/gaoyuantu/videos/00028.MP4,gaoyuantu,RGB
D:/WWF_Det/WWF_Data/Raw_Data/top14-p1-p2-p3-merged/gaoyuantu/videos/00029.MP4,gaoyuantu,RGB
D:/WWF_Det/WWF_Data/Raw_Data/top14-p1-p2-p3-merged/gaoyuantu/videos/00031.AVI,gaoyuantu,Infra
D:/WWF_Det/WWF_Data/Raw_Data/top14-p1-p2-p3-merged/gaoyuantu/videos/00033.AVI,gaoyuantu,Infra
D:/WWF_Det/WWF_Data/Raw_Data/top14-p1-p2-p3-merged/gaoyuantu/videos/00034.AVI,gaoyuantu,Infra
D:/WWF_Det/WWF_Data/Raw_Data/top14-p1-p2-p3-merged/gaoyuantu/videos/00038.MP4,gaoyuantu,RGB
D:/WWF_Det/WWF_Data/Raw_Data/top14-p1-p2-p3-merged/gaoyuantu/videos/00041.MP4,gaoyuantu,RGB
D:/WWF_Det/WWF_Data/Raw_Data/top14-p1-p2-p3-merged/gaoyuantu/videos/00042.AVI,gaoyuantu,Infra
D:/WWF_Det/WWF_Data/Raw_Data/top14-p1-p2-p3-merged/gaoyuantu/videos/00047.AVI,gaoyuantu,Infra
D:/WWF_Det/WWF_Data/Raw_Data/top14-p1-p2-p3-merged/gaoyuantu/videos/00048.AVI,gaoyuantu,RGB
D:/WWF_Det/WWF_Data/Raw_Data/top14-p1-p2-p3-merged/gaoyuantu/videos/00052.AVI,gaoyuantu,Infra
D:/WWF_Det/WWF_Data/Raw_Data/top14-p1-p2-p3-merged/gaoyuantu/videos/00056.AVI,gaoyuantu,Infra
D:/WWF_Det/WWF_Data/Raw_Data/top14-p1-p2-p3-merged/gaoyuantu/videos/00061.AVI,gaoyuantu,RGB
D:/WWF_Det/WWF_Data/Raw_Data/top14-p1-p2-p3-merged/gaoyuantu/videos/00063.AVI,gaoyuantu,Infra
D:/WWF_Det/WWF_Data/Raw_Data/top14-p1-p2-p3-merged/gaoyuantu/videos/00068.AVI,gaoyuantu,Infra
D:/WWF_Det/WWF_Data/Raw_Data/top14-p1-p2-p3-merged/gaoyuantu/videos/00069.AVI,gaoyuantu,Infra
D:/WWF_Det/WWF_Data/Raw_Data/top14-p1-p2-p3-merged/gaoyuantu/videos/00074.AVI,gaoyuantu,Infra
D:/WWF_Det/WWF_Data/Raw_Data/top14-p1-p2-p3-merged/gaoyuantu/videos/00075.AVI,gaoyuantu,Infra
D:/WWF_Det/WWF_Data/Raw_Data/top14-p1-p2-p3-merged/gaoyuantu/videos/00076.AVI,gaoyuantu,Infra
D:/WWF_Det/WWF_Data/Raw_Data/top14-p1-p2-p3-merged/gaoyuantu/videos/00077.AVI,gaoyuantu,Infra
D:/WWF_Det/WWF_Data/Raw_Data/top14-p1-p2-p3-merged/gaoyuantu/videos/00078.AVI,gaoyuantu,Infra
D:/WWF_Det/WWF_Data/Raw_Data/top14-p1-p2-p3-merged/gaoyuantu/videos/00079.AVI,gaoyuantu,Infra
D:/WWF_Det/WWF_Data/Raw_Data/top14-p1-p2-p3-merged/gaoyuantu/videos/00080.AVI,gaoyuantu,Infra
D:/WWF_Det/WWF_Data/Raw_Data/top14-p1-p2-p3-merged/gaoyuantu/videos/00086.AVI,gaoyuantu,Infra
D:/WWF_Det/WWF_Data/Raw_Data/top14-p1-p2-p3-merged/gaoyuantu/videos/00096.AVI,gaoyuantu,Infra
D:/WWF_Det/WWF_Data/Raw_Data/top14-p1-p2-p3-merged/gaoyuantu/videos/00099.AVI,gaoyuantu,Infra
D:/WWF_Det/WWF_Data/Raw_Data/top14-p1-p2-p3-merged/gaoyuantu/videos/00100.AVI,gaoyuantu,RGB
D:/WWF_Det/WWF_Data/Raw_Data/top14-p1-p2-p3-merged/gaoyuantu/videos/00103.AVI,gaoyuantu,Infra
D:/WWF_Det/WWF_Data/Raw_Data/top14-p1-p2-p3-merged/gaoyuantu/videos/00109.AVI,gaoyuantu,Infra
D:/WWF_Det/WWF_Data/Raw_Data/top14-p1-p2-p3-merged/gaoyuantu/videos/00111.AVI,gaoyuantu,Infra
D:/WWF_Det/WWF_Data/Raw_Data/top14-p1-p2-p3-merged/gaoyuantu/videos/00114.AVI,gaoyuantu,RGB
D:/WWF_Det/WWF_Data/Raw_Data/top14-p1-p2-p3-merged/gaoyuantu/videos/00115.AVI,gaoyuantu,RGB
D:/WWF_Det/WWF_Data/Raw_Data/top14-p1-p2-p3-merged/gaoyuantu/videos/00118.AVI,gaoyuantu,RGB
D:/WWF_Det/WWF_Data/Raw_Data/top14-p1-p2-p3-merged/gaoyuantu/videos/00119.AVI,gaoyuantu,Infra
D:/WWF_Det/WWF_Data/Raw_Data/top14-p1-p2-p3-merged/gaoyuantu/videos/00120.AVI,gaoyuantu,RGB
D:/WWF_Det/WWF_Data/Raw_Data/top14-p1-p2-p3-merged/gaoyuantu/videos/00121.AVI,gaoyuantu,RGB
D:/WWF_Det/WWF_Data/Raw_Data/top14-p1-p2-p3-merged/gaoyuantu/videos/00125.AVI,gaoyuantu,RGB
D:/WWF_Det/WWF_Data/Raw_Data/top14-p1-p2-p3-merged/gaoyuantu/videos/00133.AVI,gaoyuantu,Infra
D:/WWF_Det/WWF_Data/Raw_Data/top14-p1-p2-p3-merged/gaoyuantu/videos/00138.MP4,gaoyuantu,RGB
D:/WWF_Det/WWF_Data/Raw_Data/top14-p1-p2-p3-merged/gaoyuantu/videos/00139.MP4,gaoyuantu,RGB
D:/WWF_Det/WWF_Data/Raw_Data/top14-p1-p2-p3-merged/gaoyuantu/videos/00141.AVI,gaoyuantu,Infra
D:/WWF_Det/WWF_Data/Raw_Data/top14-p1-p2-p3-merged/gaoyuantu/videos/00143.AVI,gaoyuantu,Infra
D:/WWF_Det/WWF_Data/Raw_Data/top14-p1-p2-p3-merged/lanmaji/videos/00001.AVI,lanmaji,RGB
D:/WWF_Det/WWF_Data/Raw_Data/top14-p1-p2-p3-merged/lanmaji/videos/00009.AVI,lanmaji,RGB
D:/WWF_Det/WWF_Data/Raw_Data/top14-p1-p2-p3-merged/lanmaji/videos/00023.AVI,lanmaji,RGB
D:/WWF_Det/WWF_Data/Raw_Data/top14-p1-p2-p3-merged/lanmaji/videos/00032.AVI,lanmaji,RGB
D:/WWF_Det/WWF_Data/Raw_Data/top14-p1-p2-p3-merged/lanmaji/videos/00033.AVI,lanmaji,RGB
D:/WWF_Det/WWF_Data/Raw_Data/top14-p1-p2-p3-merged/lanmaji/videos/00047.MP4,lanmaji,RGB
D:/WWF_Det/WWF_Data/Raw_Data/top14-p1-p2-p3-merged/lanmaji/videos/00049.MP4,lanmaji,RGB
D:/WWF_Det/WWF_Data/Raw_Data/top14-p1-p2-p3-merged/lanmaji/videos/00052.MP4,lanmaji,RGB
D:/WWF_Det/WWF_Data/Raw_Data/top14-p1-p2-p3-merged/lanmaji/videos/00072.MP4,lanmaji,RGB
D:/WWF_Det/WWF_Data/Raw_Data/top14-p1-p2-p3-merged/lanmaji/videos/00077.MP4,lanmaji,RGB
D:/WWF_Det/WWF_Data/Raw_Data/top14-p1-p2-p3-merged/lanmaji/videos/00080.MP4,lanmaji,RGB
D:/WWF_Det/WWF_Data/Raw_Data/top14-p1-p2-p3-merged/lanmaji/videos/00090.MP4,lanmaji,RGB
D:/WWF_Det/WWF_Data/Raw_Data/top14-p1-p2-p3-merged/lanmaji/videos/00116.MP4,lanmaji,RGB
D:/WWF_Det/WWF_Data/Raw_Data/top14-p1-p2-p3-merged/lanmaji/videos/00129.MP4,lanmaji,RGB
D:/WWF_Det/WWF_Data/Raw_Data/top14-p1-p2-p3-merged/lanmaji/videos/00143.MP4,lanmaji,RGB
D:/WWF_Det/WWF_Data/Raw_Data/top14-p1-p2-p3-merged/lanmaji/videos/00148.MP4,lanmaji,RGB
D:/WWF_Det/WWF_Data/Raw_Data/top14-p1-p2-p3-merged/lanmaji/videos/00153.MP4,lanmaji,RGB
D:/WWF_Det/WWF_Data/Raw_Data/top14-p1-p2-p3-merged/lanmaji/videos/00163.MP4,lanmaji,RGB
D:/WWF_Det/WWF_Data/Raw_Data/top14-p1-p2-p3-merged/lanmaji/videos/00166.MP4,lanmaji,RGB
D:/WWF_Det/WWF_Data/Raw_Data/top14-p1-p2-p3-merged/lanmaji/videos/00171.MP4,lanmaji,RGB
D:/WWF_Det/WWF_Data/Raw_Data/top14-p1-p2-p3-merged/lanmaji/videos/00188.MP4,lanmaji,RGB
D:/WWF_Det/WWF_Data/Raw_Data/top14-p1-p2-p3-merged/lanmaji/videos/00189.MP4,lanmaji,RGB
D:/WWF_Det/WWF_Data/Raw_Data/top14-p1-p2-p3-merged/lanmaji/videos/00202.MP4,lanmaji,RGB
D:/WWF_Det/WWF_Data/Raw_Data/top14-p1-p2-p3-merged/lanmaji/videos/00213.MP4,lanmaji,RGB
D:/WWF_Det/WWF_Data/Raw_Data/top14-p1-p2-p3-merged/lanmaji/videos/00237.MP4,lanmaji,RGB
D:/WWF_Det/WWF_Data/Raw_Data/top14-p1-p2-p3-merged/lanmaji/videos/00246.MP4,lanmaji,RGB
D:/WWF_Det/WWF_Data/Raw_Data/top14-p1-p2-p3-merged/lanmaji/videos/00250.MP4,lanmaji,RGB
D:/WWF_Det/WWF_Data/Raw_Data/top14-p1-p2-p3-merged/lanmaji/videos/00253.MP4,lanmaji,RGB
D:/WWF_Det/WWF_Data/Raw_Data/top14-p1-p2-p3-merged/lanmaji/videos/00278.MP4,lanmaji,RGB
D:/WWF_Det/WWF_Data/Raw_Data/top14-p1-p2-p3-merged/lanmaji/videos/00284.MP4,lanmaji,RGB
D:/WWF_Det/WWF_Data/Raw_Data/top14-p1-p2-p3-merged/lanmaji/videos/00290.MP4,lanmaji,RGB
D:/WWF_Det/WWF_Data/Raw_Data/top14-p1-p2-p3-merged/lanmaji/videos/00301.MP4,lanmaji,RGB
D:/WWF_Det/WWF_Data/Raw_Data/top14-p1-p2-p3-merged/lanmaji/videos/00331.MP4,lanmaji,RGB
D:/WWF_Det/WWF_Data/Raw_Data/top14-p1-p2-p3-merged/lanmaji/videos/00349.MP4,lanmaji,RGB
D:/WWF_Det/WWF_Data/Raw_Data/top14-p1-p2-p3-merged/lanmaji/videos/00362.MP4,lanmaji,RGB
D:/WWF_Det/WWF_Data/Raw_Data/top14-p1-p2-p3-merged/lanmaji/videos/00379.MP4,lanmaji,RGB
D:/WWF_Det/WWF_Data/Raw_Data/top14-p1-p2-p3-merged/lanmaji/videos/00398.MP4,lanmaji,RGB
D:/WWF_Det/WWF_Data/Raw_Data/top14-p1-p2-p3-merged/lanmaji/videos/00405.MP4,lanmaji,RGB
D:/WWF_Det/WWF_Data/Raw_Data/top14-p1-p2-p3-merged/lanmaji/videos/00408.MP4,lanmaji,RGB
D:/WWF_Det/WWF_Data/Raw_Data/top14-p1-p2-p3-merged/lanmaji/videos/00417.MP4,lanmaji,RGB
D:/WWF_Det/WWF_Data/Raw_Data/top14-p1-p2-p3-merged/lanmaji/videos/00432.MP4,lanmaji,RGB
D:/WWF_Det/WWF_Data/Raw_Data/top14-p1-p2-p3-merged/lanmaji/videos/00442.MP4,lanmaji,RGB
D:/WWF_Det/WWF_Data/Raw_Data/top14-p1-p2-p3-merged/lanmaji/videos/00448.MP4,lanmaji,RGB
D:/WWF_Det/WWF_Data/Raw_Data/top14-p1-p2-p3-merged/lanmaji/videos/00453.MP4,lanmaji,RGB
D:/WWF_Det/WWF_Data/Raw_Data/top14-p1-p2-p3-merged/lanmaji/videos/00469.AVI,lanmaji,RGB
D:/WWF_Det/WWF_Data/Raw_Data/top14-p1-p2-p3-merged/lanmaji/videos/00478.AVI,lanmaji,RGB
D:/WWF_Det/WWF_Data/Raw_Data/top14-p1-p2-p3-merged/lanmaji/videos/00505.AVI,lanmaji,RGB
D:/WWF_Det/WWF_Data/Raw_Data/top14-p1-p2-p3-merged/lanmaji/videos/00524.AVI,lanmaji,RGB
D:/WWF_Det/WWF_Data/Raw_Data/top14-p1-p2-p3-merged/lanmaji/videos/00531.AVI,lanmaji,RGB
D:/WWF_Det/WWF_Data/Raw_Data/top14-p1-p2-p3-merged/ma/videos/00001.AVI,ma,Infra
D:/WWF_Det/WWF_Data/Raw_Data/top14-p1-p2-p3-merged/ma/videos/00002.AVI,ma,Infra
D:/WWF_Det/WWF_Data/Raw_Data/top14-p1-p2-p3-merged/ma/videos/00003.AVI,ma,RGB
D:/WWF_Det/WWF_Data/Raw_Data/top14-p1-p2-p3-merged/ma/videos/00004.AVI,ma,RGB
D:/WWF_Det/WWF_Data/Raw_Data/top14-p1-p2-p3-merged/ma/videos/00007.MP4,ma,RGB
D:/WWF_Det/WWF_Data/Raw_Data/top14-p1-p2-p3-merged/ma/videos/00009.MP4,ma,RGB
D:/WWF_Det/WWF_Data/Raw_Data/top14-p1-p2-p3-merged/ma/videos/00011.MP4,ma,RGB
D:/WWF_Det/WWF_Data/Raw_Data/top14-p1-p2-p3-merged/ma/videos/00013.MP4,ma,RGB
D:/WWF_Det/WWF_Data/Raw_Data/top14-p1-p2-p3-merged/ma/videos/00014.MP4,ma,RGB
D:/WWF_Det/WWF_Data/Raw_Data/top14-p1-p2-p3-merged/ma/videos/00015.MP4,ma,RGB
D:/WWF_Det/WWF_Data/Raw_Data/top14-p1-p2-p3-merged/ma/videos/00017.MP4,ma,RGB
D:/WWF_Det/WWF_Data/Raw_Data/top14-p1-p2-p3-merged/ma/videos/00019.MP4,ma,RGB
D:/WWF_Det/WWF_Data/Raw_Data/top14-p1-p2-p3-merged/ma/videos/00020.MP4,ma,RGB
D:/WWF_Det/WWF_Data/Raw_Data/top14-p1-p2-p3-merged/ma/videos/00022.MP4,ma,RGB
D:/WWF_Det/WWF_Data/Raw_Data/top14-p1-p2-p3-merged/ma/videos/00024.MP4,ma,RGB
D:/WWF_Det/WWF_Data/Raw_Data/top14-p1-p2-p3-merged/ma/videos/00026.MP4,ma,RGB
D:/WWF_Det/WWF_Data/Raw_Data/top14-p1-p2-p3-merged/ma/videos/00029.MP4,ma,RGB
D:/WWF_Det/WWF_Data/Raw_Data/top14-p1-p2-p3-merged/ma/videos/00031.MP4,ma,RGB
D:/WWF_Det/WWF_Data/Raw_Data/top14-p1-p2-p3-merged/ma/videos/00033.MP4,ma,RGB
D:/WWF_Det/WWF_Data/Raw_Data/top14-p1-p2-p3-merged/ma/videos/00034.MP4,ma,RGB
D:/WWF_Det/WWF_Data/Raw_Data/top14-p1-p2-p3-merged/ma/videos/00036.MP4,ma,RGB
D:/WWF_Det/WWF_Data/Raw_Data/top14-p1-p2-p3-merged/ma/videos/00038.MP4,ma,RGB
D:/WWF_Det/WWF_Data/Raw_Data/top14-p1-p2-p3-merged/ma/videos/00039.MP4,ma,RGB
D:/WWF_Det/WWF_Data/Raw_Data/top14-p1-p2-p3-merged/ma/videos/00042.MP4,ma,RGB
D:/WWF_Det/WWF_Data/Raw_Data/top14-p1-p2-p3-merged/ma/videos/00044.MP4,ma,RGB
D:/WWF_Det/WWF_Data/Raw_Data/top14-p1-p2-p3-merged/ma/videos/00048.MP4,ma,Infra
D:/WWF_Det/WWF_Data/Raw_Data/top14-p1-p2-p3-merged/ma/videos/00049.MP4,ma,RGB
D:/WWF_Det/WWF_Data/Raw_Data/top14-p1-p2-p3-merged/ma/videos/00052.MOV,ma,RGB
D:/WWF_Det/WWF_Data/Raw_Data/top14-p1-p2-p3-merged/ma/videos/00053.MOV,ma,RGB
D:/WWF_Det/WWF_Data/Raw_Data/top14-p1-p2-p3-merged/ma/videos/00055.MOV,ma,Infra
D:/WWF_Det/WWF_Data/Raw_Data/top14-p1-p2-p3-merged/ma/videos/00056.MOV,ma,Infra
D:/WWF_Det/WWF_Data/Raw_Data/top14-p1-p2-p3-merged/ma/videos/00057.MOV,ma,Infra
D:/WWF_Det/WWF_Data/Raw_Data/top14-p1-p2-p3-merged/ma/videos/00059.MOV,ma,Infra
D:/WWF_Det/WWF_Data/Raw_Data/top14-p1-p2-p3-merged/ma/videos/00061.MOV,ma,RGB
D:/WWF_Det/WWF_Data/Raw_Data/top14-p1-p2-p3-merged/ma/videos/00062.MOV,ma,RGB
D:/WWF_Det/WWF_Data/Raw_Data/top14-p1-p2-p3-merged/ma/videos/00063.MOV,ma,RGB
D:/WWF_Det/WWF_Data/Raw_Data/top14-p1-p2-p3-merged/ma/videos/00067.MOV,ma,RGB
D:/WWF_Det/WWF_Data/Raw_Data/top14-p1-p2-p3-merged/ma/videos/00068.MOV,ma,RGB
D:/WWF_Det/WWF_Data/Raw_Data/top14-p1-p2-p3-merged/ma/videos/00069.MOV,ma,RGB
D:/WWF_Det/WWF_Data/Raw_Data/top14-p1-p2-p3-merged/ma/videos/00070.AVI,ma,RGB
D:/WWF_Det/WWF_Data/Raw_Data/top14-p1-p2-p3-merged/ma/videos/00074.AVI,ma,RGB
D:/WWF_Det/WWF_Data/Raw_Data/top14-p1-p2-p3-merged/ma/videos/00076.AVI,ma,RGB
D:/WWF_Det/WWF_Data/Raw_Data/top14-p1-p2-p3-merged/ma/videos/00077.AVI,ma,RGB
D:/WWF_Det/WWF_Data/Raw_Data/top14-p1-p2-p3-merged/ma/videos/00078.AVI,ma,RGB
D:/WWF_Det/WWF_Data/Raw_Data/top14-p1-p2-p3-merged/ma/videos/00079.AVI,ma,RGB
D:/WWF_Det/WWF_Data/Raw_Data/top14-p1-p2-p3-merged/ma/videos/00080.AVI,ma,RGB
D:/WWF_Det/WWF_Data/Raw_Data/top14-p1-p2-p3-merged/ma/videos/00081.AVI,ma,RGB
D:/WWF_Det/WWF_Data/Raw_Data/top14-p1-p2-p3-merged/ma/videos/00082.AVI,ma,RGB
D:/WWF_Det/WWF_Data/Raw_Data/top14-p1-p2-p3-merged/ma/videos/00083.AVI,ma,RGB
D:/WWF_Det/WWF_Data/Raw_Data/top14-p1-p2-p3-merged/ma/videos/00085.MOV,ma,RGB
D:/WWF_Det/WWF_Data/Raw_Data/top14-p1-p2-p3-merged/malu/videos/00001.AVI,malu,Infra
D:/WWF_Det/WWF_Data/Raw_Data/top14-p1-p2-p3-merged/malu/videos/00017.AVI,malu,RGB
D:/WWF_Det/WWF_Data/Raw_Data/top14-p1-p2-p3-merged/malu/videos/00019.AVI,malu,RGB
D:/WWF_Det/WWF_Data/Raw_Data/top14-p1-p2-p3-merged/malu/videos/00028.MOV,malu,RGB
D:/WWF_Det/WWF_Data/Raw_Data/top14-p1-p2-p3-merged/malu/videos/00063.MOV,malu,Infra
D:/WWF_Det/WWF_Data/Raw_Data/top14-p1-p2-p3-merged/malu/videos/00067.MOV,malu,Infra
D:/WWF_Det/WWF_Data/Raw_Data/top14-p1-p2-p3-merged/malu/videos/00089.MOV,malu,RGB
D:/WWF_Det/WWF_Data/Raw_Data/top14-p1-p2-p3-merged/malu/videos/00094.MOV,malu,Infra
D:/WWF_Det/WWF_Data/Raw_Data/top14-p1-p2-p3-merged/malu/videos/00119.AVI,malu,RGB
D:/WWF_Det/WWF_Data/Raw_Data/top14-p1-p2-p3-merged/malu/videos/00135.AVI,malu,RGB
D:/WWF_Det/WWF_Data/Raw_Data/top14-p1-p2-p3-merged/malu/videos/00138.AVI,malu,Infra
D:/WWF_Det/WWF_Data/Raw_Data/top14-p1-p2-p3-merged/malu/videos/00192.AVI,malu,Infra
D:/WWF_Det/WWF_Data/Raw_Data/top14-p1-p2-p3-merged/malu/videos/00193.AVI,malu,Infra
D:/WWF_Det/WWF_Data/Raw_Data/top14-p1-p2-p3-merged/malu/videos/00210.AVI,malu,RGB
D:/WWF_Det/WWF_Data/Raw_Data/top14-p1-p2-p3-merged/malu/videos/00230.AVI,malu,Infra
D:/WWF_Det/WWF_Data/Raw_Data/top14-p1-p2-p3-merged/malu/videos/00250.AVI,malu,Infra
D:/WWF_Det/WWF_Data/Raw_Data/top14-p1-p2-p3-merged/malu/videos/00262.AVI,malu,RGB
D:/WWF_Det/WWF_Data/Raw_Data/top14-p1-p2-p3-merged/malu/videos/00289.AVI,malu,RGB
D:/WWF_Det/WWF_Data/Raw_Data/top14-p1-p2-p3-merged/malu/videos/00290.AVI,malu,RGB
D:/WWF_Det/WWF_Data/Raw_Data/top14-p1-p2-p3-merged/malu/videos/00297.MP4,malu,RGB
D:/WWF_Det/WWF_Data/Raw_Data/top14-p1-p2-p3-merged/malu/videos/00301.MP4,malu,RGB
D:/WWF_Det/WWF_Data/Raw_Data/top14-p1-p2-p3-merged/malu/videos/00311.MP4,malu,RGB
D:/WWF_Det/WWF_Data/Raw_Data/top14-p1-p2-p3-merged/malu/videos/00325.MP4,malu,RGB
D:/WWF_Det/WWF_Data/Raw_Data/top14-p1-p2-p3-merged/malu/videos/00333.MP4,malu,RGB
D:/WWF_Det/WWF_Data/Raw_Data/top14-p1-p2-p3-merged/malu/videos/00356.MP4,malu,RGB
D:/WWF_Det/WWF_Data/Raw_Data/top14-p1-p2-p3-merged/malu/videos/00358.MP4,malu,RGB
D:/WWF_Det/WWF_Data/Raw_Data/top14-p1-p2-p3-merged/malu/videos/00371.MP4,malu,RGB
D:/WWF_Det/WWF_Data/Raw_Data/top14-p1-p2-p3-merged/malu/videos/00381.MP4,malu,RGB
D:/WWF_Det/WWF_Data/Raw_Data/top14-p1-p2-p3-merged/malu/videos/00402.MP4,malu,RGB
D:/WWF_Det/WWF_Data/Raw_Data/top14-p1-p2-p3-merged/malu/videos/00406.MP4,malu,RGB
D:/WWF_Det/WWF_Data/Raw_Data/top14-p1-p2-p3-merged/malu/videos/00415.MP4,malu,RGB
D:/WWF_Det/WWF_Data/Raw_Data/top14-p1-p2-p3-merged/malu/videos/00416.MP4,malu,RGB
D:/WWF_Det/WWF_Data/Raw_Data/top14-p1-p2-p3-merged/malu/videos/00439.MP4,malu,RGB
D:/WWF_Det/WWF_Data/Raw_Data/top14-p1-p2-p3-merged/malu/videos/00458.MOV,malu,Infra
D:/WWF_Det/WWF_Data/Raw_Data/top14-p1-p2-p3-merged/malu/videos/00550.MP4,malu,RGB
D:/WWF_Det/WWF_Data/Raw_Data/top14-p1-p2-p3-merged/malu/videos/00551.MP4,malu,RGB
D:/WWF_Det/WWF_Data/Raw_Data/top14-p1-p2-p3-merged/malu/videos/00555.MP4,malu,RGB
D:/WWF_Det/WWF_Data/Raw_Data/top14-p1-p2-p3-merged/malu/videos/00579.AVI,malu,Infra
D:/WWF_Det/WWF_Data/Raw_Data/top14-p1-p2-p3-merged/malu/videos/00613.AVI,malu,RGB
D:/WWF_Det/WWF_Data/Raw_Data/top14-p1-p2-p3-merged/malu/videos/00628.MP4,malu,RGB
D:/WWF_Det/WWF_Data/Raw_Data/top14-p1-p2-p3-merged/malu/videos/00639.AVI,malu,Infra
D:/WWF_Det/WWF_Data/Raw_Data/top14-p1-p2-p3-merged/malu/videos/00652.MP4,malu,RGB
D:/WWF_Det/WWF_Data/Raw_Data/top14-p1-p2-p3-merged/malu/videos/00666.MP4,malu,RGB
D:/WWF_Det/WWF_Data/Raw_Data/top14-p1-p2-p3-merged/malu/videos/00717.AVI,malu,RGB
D:/WWF_Det/WWF_Data/Raw_Data/top14-p1-p2-p3-merged/malu/videos/00720.AVI,malu,RGB
D:/WWF_Det/WWF_Data/Raw_Data/top14-p1-p2-p3-merged/malu/videos/00740.AVI,malu,RGB
D:/WWF_Det/WWF_Data/Raw_Data/top14-p1-p2-p3-merged/malu/videos/00745.AVI,malu,RGB
D:/WWF_Det/WWF_Data/Raw_Data/top14-p1-p2-p3-merged/malu/videos/00747.AVI,malu,RGB
D:/WWF_Det/WWF_Data/Raw_Data/top14-p1-p2-p3-merged/malu/videos/00788.AVI,malu,RGB
D:/WWF_Det/WWF_Data/Raw_Data/top14-p1-p2-p3-merged/malu/videos/00808.AVI,malu,RGB
D:/WWF_Det/WWF_Data/Raw_Data/top14-p1-p2-p3-merged/maoniu/videos/00002.MP4,maoniu,RGB
D:/WWF_Det/WWF_Data/Raw_Data/top14-p1-p2-p3-merged/maoniu/videos/00010.MOV,maoniu,RGB
D:/WWF_Det/WWF_Data/Raw_Data/top14-p1-p2-p3-merged/maoniu/videos/00026.MOV,maoniu,RGB
D:/WWF_Det/WWF_Data/Raw_Data/top14-p1-p2-p3-merged/maoniu/videos/00045.AVI,maoniu,Infra
D:/WWF_Det/WWF_Data/Raw_Data/top14-p1-p2-p3-merged/maoniu/videos/00067.MOV,maoniu,RGB
D:/WWF_Det/WWF_Data/Raw_Data/top14-p1-p2-p3-merged/maoniu/videos/00083.AVI,maoniu,RGB
D:/WWF_Det/WWF_Data/Raw_Data/top14-p1-p2-p3-merged/maoniu/videos/00085.AVI,maoniu,RGB
D:/WWF_Det/WWF_Data/Raw_Data/top14-p1-p2-p3-merged/maoniu/videos/00101.AVI,maoniu,RGB
D:/WWF_Det/WWF_Data/Raw_Data/top14-p1-p2-p3-merged/maoniu/videos/00110.AVI,maoniu,RGB
D:/WWF_Det/WWF_Data/Raw_Data/top14-p1-p2-p3-merged/maoniu/videos/00112.AVI,maoniu,RGB
D:/WWF_Det/WWF_Data/Raw_Data/top14-p1-p2-p3-merged/maoniu/videos/00144.AVI,maoniu,Infra
D:/WWF_Det/WWF_Data/Raw_Data/top14-p1-p2-p3-merged/maoniu/videos/00151.AVI,maoniu,Infra
D:/WWF_Det/WWF_Data/Raw_Data/top14-p1-p2-p3-merged/maoniu/videos/00160.AVI,maoniu,RGB
D:/WWF_Det/WWF_Data/Raw_Data/top14-p1-p2-p3-merged/maoniu/videos/00165.AVI,maoniu,RGB
D:/WWF_Det/WWF_Data/Raw_Data/top14-p1-p2-p3-merged/maoniu/videos/00167.AVI,maoniu,Infra
D:/WWF_Det/WWF_Data/Raw_Data/top14-p1-p2-p3-merged/maoniu/videos/00201.AVI,maoniu,RGB
D:/WWF_Det/WWF_Data/Raw_Data/top14-p1-p2-p3-merged/maoniu/videos/00214.AVI,maoniu,RGB
D:/WWF_Det/WWF_Data/Raw_Data/top14-p1-p2-p3-merged/maoniu/videos/00257.AVI,maoniu,RGB
D:/WWF_Det/WWF_Data/Raw_Data/top14-p1-p2-p3-merged/maoniu/videos/00298.AVI,maoniu,RGB
D:/WWF_Det/WWF_Data/Raw_Data/top14-p1-p2-p3-merged/maoniu/videos/00303.AVI,maoniu,RGB
D:/WWF_Det/WWF_Data/Raw_Data/top14-p1-p2-p3-merged/maoniu/videos/00323.AVI,maoniu,RGB
D:/WWF_Det/WWF_Data/Raw_Data/top14-p1-p2-p3-merged/maoniu/videos/00350.AVI,maoniu,Infra
D:/WWF_Det/WWF_Data/Raw_Data/top14-p1-p2-p3-merged/maoniu/videos/00375.AVI,maoniu,RGB
D:/WWF_Det/WWF_Data/Raw_Data/top14-p1-p2-p3-merged/maoniu/videos/00420.MP4,maoniu,RGB
D:/WWF_Det/WWF_Data/Raw_Data/top14-p1-p2-p3-merged/maoniu/videos/00456.MP4,maoniu,RGB
D:/WWF_Det/WWF_Data/Raw_Data/top14-p1-p2-p3-merged/maoniu/videos/00471.MP4,maoniu,RGB
D:/WWF_Det/WWF_Data/Raw_Data/top14-p1-p2-p3-merged/maoniu/videos/00482.MP4,maoniu,RGB
D:/WWF_Det/WWF_Data/Raw_Data/top14-p1-p2-p3-merged/maoniu/videos/00488.MP4,maoniu,RGB
D:/WWF_Det/WWF_Data/Raw_Data/top14-p1-p2-p3-merged/maoniu/videos/00516.MP4,maoniu,RGB
D:/WWF_Det/WWF_Data/Raw_Data/top14-p1-p2-p3-merged/maoniu/videos/00522.MP4,maoniu,RGB
D:/WWF_Det/WWF_Data/Raw_Data/top14-p1-p2-p3-merged/maoniu/videos/00571.AVI,maoniu,RGB
D:/WWF_Det/WWF_Data/Raw_Data/top14-p1-p2-p3-merged/maoniu/videos/00609.AVI,maoniu,RGB
D:/WWF_Det/WWF_Data/Raw_Data/top14-p1-p2-p3-merged/maoniu/videos/00614.AVI,maoniu,RGB
D:/WWF_Det/WWF_Data/Raw_Data/top14-p1-p2-p3-merged/maoniu/videos/00633.AVI,maoniu,RGB
D:/WWF_Det/WWF_Data/Raw_Data/top14-p1-p2-p3-merged/maoniu/videos/00690.AVI,maoniu,Infra
D:/WWF_Det/WWF_Data/Raw_Data/top14-p1-p2-p3-merged/maoniu/videos/00728.AVI,maoniu,Infra
D:/WWF_Det/WWF_Data/Raw_Data/top14-p1-p2-p3-merged/maoniu/videos/00740.AVI,maoniu,RGB
D:/WWF_Det/WWF_Data/Raw_Data/top14-p1-p2-p3-merged/maoniu/videos/00773.MP4,maoniu,RGB
D:/WWF_Det/WWF_Data/Raw_Data/top14-p1-p2-p3-merged/maoniu/videos/00802.MP4,maoniu,RGB
D:/WWF_Det/WWF_Data/Raw_Data/top14-p1-p2-p3-merged/maoniu/videos/00803.MP4,maoniu,RGB
D:/WWF_Det/WWF_Data/Raw_Data/top14-p1-p2-p3-merged/maoniu/videos/00827.MP4,maoniu,RGB
D:/WWF_Det/WWF_Data/Raw_Data/top14-p1-p2-p3-merged/maoniu/videos/00836.MP4,maoniu,RGB
D:/WWF_Det/WWF_Data/Raw_Data/top14-p1-p2-p3-merged/maoniu/videos/00839.MP4,maoniu,RGB
D:/WWF_Det/WWF_Data/Raw_Data/top14-p1-p2-p3-merged/maoniu/videos/00867.MP4,maoniu,RGB
D:/WWF_Det/WWF_Data/Raw_Data/top14-p1-p2-p3-merged/maoniu/videos/00897.MP4,maoniu,RGB
D:/WWF_Det/WWF_Data/Raw_Data/top14-p1-p2-p3-merged/maoniu/videos/00950.MP4,maoniu,RGB
D:/WWF_Det/WWF_Data/Raw_Data/top14-p1-p2-p3-merged/maoniu/videos/00970.MP4,maoniu,RGB
D:/WWF_Det/WWF_Data/Raw_Data/top14-p1-p2-p3-merged/mashe/videos/00003.AVI,mashe,Infra
D:/WWF_Det/WWF_Data/Raw_Data/top14-p1-p2-p3-merged/mashe/videos/00004.AVI,mashe,Infra
D:/WWF_Det/WWF_Data/Raw_Data/top14-p1-p2-p3-merged/mashe/videos/00006.AVI,mashe,Infra
D:/WWF_Det/WWF_Data/Raw_Data/top14-p1-p2-p3-merged/mashe/videos/00008.AVI,mashe,Infra
D:/WWF_Det/WWF_Data/Raw_Data/top14-p1-p2-p3-merged/mashe/videos/00009.AVI,mashe,Infra
D:/WWF_Det/WWF_Data/Raw_Data/top14-p1-p2-p3-merged/mashe/videos/00013.AVI,mashe,Infra
D:/WWF_Det/WWF_Data/Raw_Data/top14-p1-p2-p3-merged/mashe/videos/00014.AVI,mashe,Infra
D:/WWF_Det/WWF_Data/Raw_Data/top14-p1-p2-p3-merged/mashe/videos/00019.MP4,mashe,RGB
D:/WWF_Det/WWF_Data/Raw_Data/top14-p1-p2-p3-merged/mashe/videos/00022.MP4,mashe,Infra
D:/WWF_Det/WWF_Data/Raw_Data/top14-p1-p2-p3-merged/mashe/videos/00024.MP4,mashe,RGB
D:/WWF_Det/WWF_Data/Raw_Data/top14-p1-p2-p3-merged/mashe/videos/00026.MP4,mashe,RGB
D:/WWF_Det/WWF_Data/Raw_Data/top14-p1-p2-p3-merged/mashe/videos/00027.MP4,mashe,RGB
D:/WWF_Det/WWF_Data/Raw_Data/top14-p1-p2-p3-merged/mashe/videos/00029.MP4,mashe,RGB
D:/WWF_Det/WWF_Data/Raw_Data/top14-p1-p2-p3-merged/mashe/videos/00031.MP4,mashe,RGB
D:/WWF_Det/WWF_Data/Raw_Data/top14-p1-p2-p3-merged/mashe/videos/00032.MP4,mashe,RGB
D:/WWF_Det/WWF_Data/Raw_Data/top14-p1-p2-p3-merged/mashe/videos/00033.MP4,mashe,RGB
D:/WWF_Det/WWF_Data/Raw_Data/top14-p1-p2-p3-merged/mashe/videos/00036.MP4,mashe,RGB
D:/WWF_Det/WWF_Data/Raw_Data/top14-p1-p2-p3-merged/mashe/videos/00037.MP4,mashe,RGB
D:/WWF_Det/WWF_Data/Raw_Data/top14-p1-p2-p3-merged/mashe/videos/00040.MP4,mashe,RGB
D:/WWF_Det/WWF_Data/Raw_Data/top14-p1-p2-p3-merged/mashe/videos/00041.MP4,mashe,RGB
D:/WWF_Det/WWF_Data/Raw_Data/top14-p1-p2-p3-merged/mashe/videos/00045.MP4,mashe,RGB
D:/WWF_Det/WWF_Data/Raw_Data/top14-p1-p2-p3-merged/mashe/videos/00046.MP4,mashe,RGB
D:/WWF_Det/WWF_Data/Raw_Data/top14-p1-p2-p3-merged/mashe/videos/00056.MP4,mashe,RGB
D:/WWF_Det/WWF_Data/Raw_Data/top14-p1-p2-p3-merged/mashe/videos/00059.MP4,mashe,RGB
D:/WWF_Det/WWF_Data/Raw_Data/top14-p1-p2-p3-merged/mashe/videos/00060.MP4,mashe,RGB
D:/WWF_Det/WWF_Data/Raw_Data/top14-p1-p2-p3-merged/mashe/videos/00061.MP4,mashe,RGB
D:/WWF_Det/WWF_Data/Raw_Data/top14-p1-p2-p3-merged/mashe/videos/00063.MP4,mashe,RGB
D:/WWF_Det/WWF_Data/Raw_Data/top14-p1-p2-p3-merged/mashe/videos/00065.MP4,mashe,RGB
D:/WWF_Det/WWF_Data/Raw_Data/top14-p1-p2-p3-merged/mashe/videos/00067.MP4,mashe,RGB
D:/WWF_Det/WWF_Data/Raw_Data/top14-p1-p2-p3-merged/mashe/videos/00069.MP4,mashe,RGB
D:/WWF_Det/WWF_Data/Raw_Data/top14-p1-p2-p3-merged/mashe/videos/00073.AVI,mashe,Infra
D:/WWF_Det/WWF_Data/Raw_Data/top14-p1-p2-p3-merged/mashe/videos/00074.AVI,mashe,RGB
D:/WWF_Det/WWF_Data/Raw_Data/top14-p1-p2-p3-merged/mashe/videos/00077.MP4,mashe,RGB
D:/WWF_Det/WWF_Data/Raw_Data/top14-p1-p2-p3-merged/mashe/videos/00079.MP4,mashe,RGB
D:/WWF_Det/WWF_Data/Raw_Data/top14-p1-p2-p3-merged/mashe/videos/00080.MP4,mashe,RGB
D:/WWF_Det/WWF_Data/Raw_Data/top14-p1-p2-p3-merged/mashe/videos/00081.AVI,mashe,Infra
D:/WWF_Det/WWF_Data/Raw_Data/top14-p1-p2-p3-merged/mashe/videos/00082.AVI,mashe,Infra
D:/WWF_Det/WWF_Data/Raw_Data/top14-p1-p2-p3-merged/mashe/videos/00083.AVI,mashe,Infra
D:/WWF_Det/WWF_Data/Raw_Data/top14-p1-p2-p3-merged/mashe/videos/00085.MP4,mashe,RGB
D:/WWF_Det/WWF_Data/Raw_Data/top14-p1-p2-p3-merged/mashe/videos/00087.AVI,mashe,RGB
D:/WWF_Det/WWF_Data/Raw_Data/top14-p1-p2-p3-merged/mashe/videos/00088.AVI,mashe,RGB
D:/WWF_Det/WWF_Data/Raw_Data/top14-p1-p2-p3-merged/mashe/videos/00089.AVI,mashe,RGB
D:/WWF_Det/WWF_Data/Raw_Data/top14-p1-p2-p3-merged/mashe/videos/00091.AVI,mashe,RGB
D:/WWF_Det/WWF_Data/Raw_Data/top14-p1-p2-p3-merged/mashe/videos/00092.AVI,mashe,RGB
D:/WWF_Det/WWF_Data/Raw_Data/top14-p1-p2-p3-merged/mashe/videos/00098.AVI,mashe,Infra
D:/WWF_Det/WWF_Data/Raw_Data/top14-p1-p2-p3-merged/mashe/videos/00100.AVI,mashe,RGB
D:/WWF_Det/WWF_Data/Raw_Data/top14-p1-p2-p3-merged/mashe/videos/00102.AVI,mashe,RGB
D:/WWF_Det/WWF_Data/Raw_Data/top14-p1-p2-p3-merged/mashe/videos/00103.AVI,mashe,RGB
D:/WWF_Det/WWF_Data/Raw_Data/top14-p1-p2-p3-merged/mashe/videos/00105.AVI,mashe,RGB
D:/WWF_Det/WWF_Data/Raw_Data/top14-p1-p2-p3-merged/mashe/videos/00106.AVI,mashe,RGB
D:/WWF_Det/WWF_Data/Raw_Data/top14-p1-p2-p3-merged/person/videos/00019.AVI,person,RGB
D:/WWF_Det/WWF_Data/Raw_Data/top14-p1-p2-p3-merged/person/videos/00035.MOV,person,RGB
D:/WWF_Det/WWF_Data/Raw_Data/top14-p1-p2-p3-merged/person/videos/00038.MOV,person,RGB
D:/WWF_Det/WWF_Data/Raw_Data/top14-p1-p2-p3-merged/person/videos/00045.MOV,person,RGB
D:/WWF_Det/WWF_Data/Raw_Data/top14-p1-p2-p3-merged/person/videos/00051.AVI,person,RGB
D:/WWF_Det/WWF_Data/Raw_Data/top14-p1-p2-p3-merged/person/videos/00067.MOV,person,RGB
D:/WWF_Det/WWF_Data/Raw_Data/top14-p1-p2-p3-merged/person/videos/00079.MOV,person,RGB
D:/WWF_Det/WWF_Data/Raw_Data/top14-p1-p2-p3-merged/person/videos/00109.AVI,person,RGB
D:/WWF_Det/WWF_Data/Raw_Data/top14-p1-p2-p3-merged/person/videos/00118.AVI,person,RGB
D:/WWF_Det/WWF_Data/Raw_Data/top14-p1-p2-p3-merged/person/videos/00125.AVI,person,RGB
D:/WWF_Det/WWF_Data/Raw_Data/top14-p1-p2-p3-merged/person/videos/00132.AVI,person,RGB
D:/WWF_Det/WWF_Data/Raw_Data/top14-p1-p2-p3-merged/person/videos/00140.AVI,person,RGB
D:/WWF_Det/WWF_Data/Raw_Data/top14-p1-p2-p3-merged/person/videos/00147.AVI,person,RGB
D:/WWF_Det/WWF_Data/Raw_Data/top14-p1-p2-p3-merged/person/videos/00190.AVI,person,RGB
D:/WWF_Det/WWF_Data/Raw_Data/top14-p1-p2-p3-merged/person/videos/00216.MP4,person,RGB
D:/WWF_Det/WWF_Data/Raw_Data/top14-p1-p2-p3-merged/person/videos/00230.MP4,person,RGB
D:/WWF_Det/WWF_Data/Raw_Data/top14-p1-p2-p3-merged/person/videos/00231.MP4,person,Infra
D:/WWF_Det/WWF_Data/Raw_Data/top14-p1-p2-p3-merged/person/videos/00241.MP4,person,RGB
D:/WWF_Det/WWF_Data/Raw_Data/top14-p1-p2-p3-merged/person/videos/00261.MOV,person,RGB
D:/WWF_Det/WWF_Data/Raw_Data/top14-p1-p2-p3-merged/person/videos/00263.MOV,person,RGB
D:/WWF_Det/WWF_Data/Raw_Data/top14-p1-p2-p3-merged/person/videos/00269.MOV,person,RGB
D:/WWF_Det/WWF_Data/Raw_Data/top14-p1-p2-p3-merged/person/videos/00292.MOV,person,RGB
D:/WWF_Det/WWF_Data/Raw_Data/top14-p1-p2-p3-merged/person/videos/00301.MP4,person,RGB
D:/WWF_Det/WWF_Data/Raw_Data/top14-p1-p2-p3-merged/person/videos/00326.MP4,person,RGB
D:/WWF_Det/WWF_Data/Raw_Data/top14-p1-p2-p3-merged/person/videos/00328.MP4,person,RGB
D:/WWF_Det/WWF_Data/Raw_Data/top14-p1-p2-p3-merged/person/videos/00344.MP4,person,RGB
D:/WWF_Det/WWF_Data/Raw_Data/top14-p1-p2-p3-merged/person/videos/00357.MP4,person,RGB
D:/WWF_Det/WWF_Data/Raw_Data/top14-p1-p2-p3-merged/person/videos/00359.MP4,person,RGB
D:/WWF_Det/WWF_Data/Raw_Data/top14-p1-p2-p3-merged/person/videos/00361.MP4,person,RGB
D:/WWF_Det/WWF_Data/Raw_Data/top14-p1-p2-p3-merged/person/videos/00440.MP4,person,RGB
D:/WWF_Det/WWF_Data/Raw_Data/top14-p1-p2-p3-merged/person/videos/00446.AVI,person,RGB
D:/WWF_Det/WWF_Data/Raw_Data/top14-p1-p2-p3-merged/person/videos/00452.MP4,person,RGB
D:/WWF_Det/WWF_Data/Raw_Data/top14-p1-p2-p3-merged/person/videos/00469.MP4,person,RGB
D:/WWF_Det/WWF_Data/Raw_Data/top14-p1-p2-p3-merged/person/videos/00472.MP4,person,RGB
D:/WWF_Det/WWF_Data/Raw_Data/top14-p1-p2-p3-merged/person/videos/00483.MP4,person,RGB
D:/WWF_Det/WWF_Data/Raw_Data/top14-p1-p2-p3-merged/person/videos/00545.MOV,person,RGB
D:/WWF_Det/WWF_Data/Raw_Data/top14-p1-p2-p3-merged/person/videos/00551.MOV,person,RGB
D:/WWF_Det/WWF_Data/Raw_Data/top14-p1-p2-p3-merged/person/videos/00569.MOV,person,RGB
D:/WWF_Det/WWF_Data/Raw_Data/top14-p1-p2-p3-merged/person/videos/00577.MOV,person,RGB
D:/WWF_Det/WWF_Data/Raw_Data/top14-p1-p2-p3-merged/person/videos/00591.AVI,person,RGB
D:/WWF_Det/WWF_Data/Raw_Data/top14-p1-p2-p3-merged/person/videos/00596.MOV,person,RGB
D:/WWF_Det/WWF_Data/Raw_Data/top14-p1-p2-p3-merged/person/videos/00616.MOV,person,RGB
D:/WWF_Det/WWF_Data/Raw_Data/top14-p1-p2-p3-merged/person/videos/00629.AVI,person,RGB
D:/WWF_Det/WWF_Data/Raw_Data/top14-p1-p2-p3-merged/person/videos/00666.AVI,person,RGB
D:/WWF_Det/WWF_Data/Raw_Data/top14-p1-p2-p3-merged/person/videos/00671.MP4,person,RGB
D:/WWF_Det/WWF_Data/Raw_Data/top14-p1-p2-p3-merged/person/videos/00675.MP4,person,RGB
D:/WWF_Det/WWF_Data/Raw_Data/top14-p1-p2-p3-merged/person/videos/00682.AVI,person,RGB
D:/WWF_Det/WWF_Data/Raw_Data/top14-p1-p2-p3-merged/person/videos/00688.MP4,person,RGB
D:/WWF_Det/WWF_Data/Raw_Data/top14-p1-p2-p3-merged/person/videos/00689.MP4,person,RGB
D:/WWF_Det/WWF_Data/Raw_Data/top14-p1-p2-p3-merged/person/videos/00730.MOV,person,Infra
D:/WWF_Det/WWF_Data/Raw_Data/top14-p1-p2-p3-merged/xuebao/videos/00001.AVI,xuebao,Infra
D:/WWF_Det/WWF_Data/Raw_Data/top14-p1-p2-p3-merged/xuebao/videos/00002.AVI,xuebao,RGB
D:/WWF_Det/WWF_Data/Raw_Data/top14-p1-p2-p3-merged/xuebao/videos/00011.AVI,xuebao,Infra
D:/WWF_Det/WWF_Data/Raw_Data/top14-p1-p2-p3-merged/xuebao/videos/00017.AVI,xuebao,Infra
D:/WWF_Det/WWF_Data/Raw_Data/top14-p1-p2-p3-merged/xuebao/videos/00020.AVI,xuebao,Infra
D:/WWF_Det/WWF_Data/Raw_Data/top14-p1-p2-p3-merged/xuebao/videos/00024.AVI,xuebao,RGB
D:/WWF_Det/WWF_Data/Raw_Data/top14-p1-p2-p3-merged/xuebao/videos/00025.AVI,xuebao,RGB
D:/WWF_Det/WWF_Data/Raw_Data/top14-p1-p2-p3-merged/xuebao/videos/00028.AVI,xuebao,RGB
D:/WWF_Det/WWF_Data/Raw_Data/top14-p1-p2-p3-merged/xuebao/videos/00029.AVI,xuebao,RGB
D:/WWF_Det/WWF_Data/Raw_Data/top14-p1-p2-p3-merged/xuebao/videos/00039.AVI,xuebao,Infra
D:/WWF_Det/WWF_Data/Raw_Data/top14-p1-p2-p3-merged/xuebao/videos/00043.AVI,xuebao,Infra
D:/WWF_Det/WWF_Data/Raw_Data/top14-p1-p2-p3-merged/xuebao/videos/00047.AVI,xuebao,Infra
D:/WWF_Det/WWF_Data/Raw_Data/top14-p1-p2-p3-merged/xuebao/videos/00048.AVI,xuebao,Infra
D:/WWF_Det/WWF_Data/Raw_Data/top14-p1-p2-p3-merged/xuebao/videos/00060.AVI,xuebao,Infra
D:/WWF_Det/WWF_Data/Raw_Data/top14-p1-p2-p3-merged/xuebao/videos/00062.AVI,xuebao,Infra
D:/WWF_Det/WWF_Data/Raw_Data/top14-p1-p2-p3-merged/xuebao/videos/00071.AVI,xuebao,RGB
D:/WWF_Det/WWF_Data/Raw_Data/top14-p1-p2-p3-merged/xuebao/videos/00073.AVI,xuebao,RGB
D:/WWF_Det/WWF_Data/Raw_Data/top14-p1-p2-p3-merged/xuebao/videos/00075.MP4,xuebao,RGB
D:/WWF_Det/WWF_Data/Raw_Data/top14-p1-p2-p3-merged/xuebao/videos/00078.MP4,xuebao,RGB
D:/WWF_Det/WWF_Data/Raw_Data/top14-p1-p2-p3-merged/xuebao/videos/00079.MP4,xuebao,RGB
D:/WWF_Det/WWF_Data/Raw_Data/top14-p1-p2-p3-merged/xuebao/videos/00084.MP4,xuebao,RGB
D:/WWF_Det/WWF_Data/Raw_Data/top14-p1-p2-p3-merged/xuebao/videos/00087.MP4,xuebao,RGB
D:/WWF_Det/WWF_Data/Raw_Data/top14-p1-p2-p3-merged/xuebao/videos/00089.MP4,xuebao,RGB
D:/WWF_Det/WWF_Data/Raw_Data/top14-p1-p2-p3-merged/xuebao/videos/00100.MP4,xuebao,RGB
D:/WWF_Det/WWF_Data/Raw_Data/top14-p1-p2-p3-merged/xuebao/videos/00101.MP4,xuebao,RGB
D:/WWF_Det/WWF_Data/Raw_Data/top14-p1-p2-p3-merged/xuebao/videos/00103.MP4,xuebao,RGB
D:/WWF_Det/WWF_Data/Raw_Data/top14-p1-p2-p3-merged/xuebao/videos/00109.MP4,xuebao,RGB
D:/WWF_Det/WWF_Data/Raw_Data/top14-p1-p2-p3-merged/xuebao/videos/00111.AVI,xuebao,Infra
D:/WWF_Det/WWF_Data/Raw_Data/top14-p1-p2-p3-merged/xuebao/videos/00113.AVI,xuebao,Infra
D:/WWF_Det/WWF_Data/Raw_Data/top14-p1-p2-p3-merged/xuebao/videos/00115.MP4,xuebao,RGB
D:/WWF_Det/WWF_Data/Raw_Data/top14-p1-p2-p3-merged/xuebao/videos/00124.AVI,xuebao,RGB
D:/WWF_Det/WWF_Data/Raw_Data/top14-p1-p2-p3-merged/xuebao/videos/00125.AVI,xuebao,RGB
D:/WWF_Det/WWF_Data/Raw_Data/top14-p1-p2-p3-merged/xuebao/videos/00155.MP4,xuebao,RGB
D:/WWF_Det/WWF_Data/Raw_Data/top14-p1-p2-p3-merged/xuebao/videos/00156.MP4,xuebao,RGB
D:/WWF_Det/WWF_Data/Raw_Data/top14-p1-p2-p3-merged/xuebao/videos/00157.MP4,xuebao,RGB
D:/WWF_Det/WWF_Data/Raw_Data/top14-p1-p2-p3-merged/xuebao/videos/00160.MP4,xuebao,RGB
D:/WWF_Det/WWF_Data/Raw_Data/top14-p1-p2-p3-merged/xuebao/videos/00181.MP4,xuebao,RGB
D:/WWF_Det/WWF_Data/Raw_Data/top14-p1-p2-p3-merged/xuebao/videos/00186.MP4,xuebao,RGB
D:/WWF_Det/WWF_Data/Raw_Data/top14-p1-p2-p3-merged/xuebao/videos/00187.MP4,xuebao,RGB
D:/WWF_Det/WWF_Data/Raw_Data/top14-p1-p2-p3-merged/xuebao/videos/00189.MP4,xuebao,RGB
D:/WWF_Det/WWF_Data/Raw_Data/top14-p1-p2-p3-merged/xuebao/videos/00190.MP4,xuebao,RGB
D:/WWF_Det/WWF_Data/Raw_Data/top14-p1-p2-p3-merged/xuebao/videos/00194.MP4,xuebao,RGB
D:/WWF_Det/WWF_Data/Raw_Data/top14-p1-p2-p3-merged/xuebao/videos/00209.MP4,xuebao,RGB
D:/WWF_Det/WWF_Data/Raw_Data/top14-p1-p2-p3-merged/xuebao/videos/00213.MP4,xuebao,RGB
D:/WWF_Det/WWF_Data/Raw_Data/top14-p1-p2-p3-merged/xuebao/videos/00227.MP4,xuebao,RGB
D:/WWF_Det/WWF_Data/Raw_Data/top14-p1-p2-p3-merged/xuebao/videos/00244.MP4,xuebao,RGB
D:/WWF_Det/WWF_Data/Raw_Data/top14-p1-p2-p3-merged/xuebao/videos/00247.MP4,xuebao,RGB
D:/WWF_Det/WWF_Data/Raw_Data/top14-p1-p2-p3-merged/xuebao/videos/00249.MP4,xuebao,RGB
D:/WWF_Det/WWF_Data/Raw_Data/top14-p1-p2-p3-merged/xuebao/videos/00250.MP4,xuebao,RGB
D:/WWF_Det/WWF_Data/Raw_Data/top14-p1-p2-p3-merged/xuebao/videos/00255.MP4,xuebao,RGB
D:/WWF_Det/WWF_Data/Raw_Data/top14-p1-p2-p3-merged/xuebao/videos/00264.MP4,xuebao,RGB
D:/WWF_Det/WWF_Data/Raw_Data/top14-p1-p2-p3-merged/xuebao/videos/00267.MP4,xuebao,RGB
D:/WWF_Det/WWF_Data/Raw_Data/top14-p1-p2-p3-merged/xuebao/videos/00279.MP4,xuebao,RGB
D:/WWF_Det/WWF_Data/Raw_Data/top14-p1-p2-p3-merged/xuebao/videos/00281.MP4,xuebao,RGB
D:/WWF_Det/WWF_Data/Raw_Data/top14-p1-p2-p3-merged/xuebao/videos/00303.MP4,xuebao,RGB
D:/WWF_Det/WWF_Data/Raw_Data/top14-p1-p2-p3-merged/xuebao/videos/00304.MP4,xuebao,RGB
D:/WWF_Det/WWF_Data/Raw_Data/top14-p1-p2-p3-merged/xuebao/videos/00310.MP4,xuebao,RGB
D:/WWF_Det/WWF_Data/Raw_Data/top14-p1-p2-p3-merged/xuebao/videos/00339.AVI,xuebao,RGB
D:/WWF_Det/WWF_Data/Raw_Data/top14-p1-p2-p3-merged/xuebao/videos/00366.AVI,xuebao,RGB
D:/WWF_Det/WWF_Data/Raw_Data/top14-p1-p2-p3-merged/xuebao/videos/00370.AVI,xuebao,RGB
D:/WWF_Det/WWF_Data/Raw_Data/top14-p1-p2-p3-merged/xuebao/videos/00372.AVI,xuebao,RGB
D:/WWF_Det/WWF_Data/Raw_Data/top14-p1-p2-p3-merged/xuebao/videos/00381.AVI,xuebao,RGB
D:/WWF_Det/WWF_Data/Raw_Data/top14-p1-p2-p3-merged/xuebao/videos/00384.AVI,xuebao,RGB
D:/WWF_Det/WWF_Data/Raw_Data/top14-p1-p2-p3-merged/xuebao/videos/00390.AVI,xuebao,RGB
D:/WWF_Det/WWF_Data/Raw_Data/top14-p1-p2-p3-merged/xuebao/videos/00392.AVI,xuebao,Infra
D:/WWF_Det/WWF_Data/Raw_Data/top14-p1-p2-p3-merged/xuebao/videos/00395.AVI,xuebao,RGB
D:/WWF_Det/WWF_Data/Raw_Data/top14-p1-p2-p3-merged/xuebao/videos/00415.AVI,xuebao,RGB
D:/WWF_Det/WWF_Data/Raw_Data/top14-p1-p2-p3-merged/xuebao/videos/00426.AVI,xuebao,RGB
D:/WWF_Det/WWF_Data/Raw_Data/top14-p1-p2-p3-merged/xuebao/videos/00437.AVI,xuebao,RGB
D:/WWF_Det/WWF_Data/Raw_Data/top14-p1-p2-p3-merged/xuebao/videos/00443.AVI,xuebao,Infra
D:/WWF_Det/WWF_Data/Raw_Data/top14-p1-p2-p3-merged/xuebao/videos/00444.AVI,xuebao,Infra
D:/WWF_Det/WWF_Data/Raw_Data/top14-p1-p2-p3-merged/xuebao/videos/00450.AVI,xuebao,RGB
D:/WWF_Det/WWF_Data/Raw_Data/top14-p1-p2-p3-merged/xuebao/videos/00452.AVI,xuebao,RGB
D:/WWF_Det/WWF_Data/Raw_Data/top14-p1-p2-p3-merged/xuebao/videos/00453.AVI,xuebao,RGB
D:/WWF_Det/WWF_Data/Raw_Data/top14-p1-p2-p3-merged/xuebao/videos/00464.AVI,xuebao,RGB
D:/WWF_Det/WWF_Data/Raw_Data/top14-p1-p2-p3-merged/yang/videos/00001.AVI,yang,RGB
D:/WWF_Det/WWF_Data/Raw_Data/top14-p1-p2-p3-merged/yang/videos/00004.AVI,yang,RGB
D:/WWF_Det/WWF_Data/Raw_Data/top14-p1-p2-p3-merged/yang/videos/00009.AVI,yang,RGB
D:/WWF_Det/WWF_Data/Raw_Data/top14-p1-p2-p3-merged/yang/videos/00010.AVI,yang,RGB
D:/WWF_Det/WWF_Data/Raw_Data/top14-p1-p2-p3-merged/yang/videos/00012.AVI,yang,RGB
D:/WWF_Det/WWF_Data/Raw_Data/top14-p1-p2-p3-merged/yang/videos/00019.MOV,yang,RGB
D:/WWF_Det/WWF_Data/Raw_Data/top14-p1-p2-p3-merged/yang/videos/00026.MOV,yang,RGB
D:/WWF_Det/WWF_Data/Raw_Data/top14-p1-p2-p3-merged/yang/videos/00030.MOV,yang,RGB
D:/WWF_Det/WWF_Data/Raw_Data/top14-p1-p2-p3-merged/yang/videos/00044.MOV,yang,RGB
D:/WWF_Det/WWF_Data/Raw_Data/top14-p1-p2-p3-merged/yang/videos/00053.MOV,yang,RGB
D:/WWF_Det/WWF_Data/Raw_Data/top14-p1-p2-p3-merged/yang/videos/00062.AVI,yang,RGB
D:/WWF_Det/WWF_Data/Raw_Data/top14-p1-p2-p3-merged/yang/videos/00082.AVI,yang,RGB
D:/WWF_Det/WWF_Data/Raw_Data/top14-p1-p2-p3-merged/yang/videos/00083.AVI,yang,RGB
D:/WWF_Det/WWF_Data/Raw_Data/top14-p1-p2-p3-merged/yang/videos/00088.AVI,yang,RGB
D:/WWF_Det/WWF_Data/Raw_Data/top14-p1-p2-p3-merged/yang/videos/00089.AVI,yang,RGB
D:/WWF_Det/WWF_Data/Raw_Data/top14-p1-p2-p3-merged/yang/videos/00093.AVI,yang,RGB
D:/WWF_Det/WWF_Data/Raw_Data/top14-p1-p2-p3-merged/yang/videos/00095.AVI,yang,RGB
D:/WWF_Det/WWF_Data/Raw_Data/top14-p1-p2-p3-merged/yang/videos/00101.MP4,yang,RGB
D:/WWF_Det/WWF_Data/Raw_Data/top14-p1-p2-p3-merged/yang/videos/00103.MP4,yang,RGB
D:/WWF_Det/WWF_Data/Raw_Data/top14-p1-p2-p3-merged/yang/videos/00108.MP4,yang,RGB
D:/WWF_Det/WWF_Data/Raw_Data/top14-p1-p2-p3-merged/yang/videos/00115.MP4,yang,RGB
D:/WWF_Det/WWF_Data/Raw_Data/top14-p1-p2-p3-merged/yang/videos/00126.MP4,yang,RGB
D:/WWF_Det/WWF_Data/Raw_Data/top14-p1-p2-p3-merged/yang/videos/00127.MP4,yang,RGB
D:/WWF_Det/WWF_Data/Raw_Data/top14-p1-p2-p3-merged/yang/videos/00133.MP4,yang,RGB
D:/WWF_Det/WWF_Data/Raw_Data/top14-p1-p2-p3-merged/yang/videos/00137.MP4,yang,RGB
D:/WWF_Det/WWF_Data/Raw_Data/top14-p1-p2-p3-merged/yang/videos/00142.MP4,yang,RGB
D:/WWF_Det/WWF_Data/Raw_Data/top14-p1-p2-p3-merged/yang/videos/00145.MP4,yang,RGB
D:/WWF_Det/WWF_Data/Raw_Data/top14-p1-p2-p3-merged/yang/videos/00148.MP4,yang,RGB
D:/WWF_Det/WWF_Data/Raw_Data/top14-p1-p2-p3-merged/yang/videos/00153.MP4,yang,RGB
D:/WWF_Det/WWF_Data/Raw_Data/top14-p1-p2-p3-merged/yang/videos/00155.MP4,yang,RGB
D:/WWF_Det/WWF_Data/Raw_Data/top14-p1-p2-p3-merged/yang/videos/00156.MP4,yang,RGB
D:/WWF_Det/WWF_Data/Raw_Data/top14-p1-p2-p3-merged/yang/videos/00164.MP4,yang,RGB
D:/WWF_Det/WWF_Data/Raw_Data/top14-p1-p2-p3-merged/yang/videos/00169.MP4,yang,RGB
D:/WWF_Det/WWF_Data/Raw_Data/top14-p1-p2-p3-merged/yang/videos/00171.MP4,yang,RGB
D:/WWF_Det/WWF_Data/Raw_Data/top14-p1-p2-p3-merged/yang/videos/00173.MP4,yang,RGB
D:/WWF_Det/WWF_Data/Raw_Data/top14-p1-p2-p3-merged/yang/videos/00177.MP4,yang,RGB
D:/WWF_Det/WWF_Data/Raw_Data/top14-p1-p2-p3-merged/yang/videos/00178.MP4,yang,RGB
D:/WWF_Det/WWF_Data/Raw_Data/top14-p1-p2-p3-merged/yang/videos/00183.MP4,yang,RGB
D:/WWF_Det/WWF_Data/Raw_Data/top14-p1-p2-p3-merged/yang/videos/00184.MP4,yang,RGB
D:/WWF_Det/WWF_Data/Raw_Data/top14-p1-p2-p3-merged/yang/videos/00192.MOV,yang,RGB
D:/WWF_Det/WWF_Data/Raw_Data/top14-p1-p2-p3-merged/yang/videos/00204.MOV,yang,RGB
D:/WWF_Det/WWF_Data/Raw_Data/top14-p1-p2-p3-merged/yang/videos/00206.MOV,yang,RGB
D:/WWF_Det/WWF_Data/Raw_Data/top14-p1-p2-p3-merged/yang/videos/00209.MOV,yang,RGB
D:/WWF_Det/WWF_Data/Raw_Data/top14-p1-p2-p3-merged/yang/videos/00213.MOV,yang,RGB
D:/WWF_Det/WWF_Data/Raw_Data/top14-p1-p2-p3-merged/yang/videos/00215.AVI,yang,RGB
D:/WWF_Det/WWF_Data/Raw_Data/top14-p1-p2-p3-merged/yang/videos/00217.AVI,yang,RGB
D:/WWF_Det/WWF_Data/Raw_Data/top14-p1-p2-p3-merged/yanyang/videos/00001.AVI,yanyang,RGB
D:/WWF_Det/WWF_Data/Raw_Data/top14-p1-p2-p3-merged/yanyang/videos/00023.AVI,yanyang,RGB
D:/WWF_Det/WWF_Data/Raw_Data/top14-p1-p2-p3-merged/yanyang/videos/00047.AVI,yanyang,RGB
D:/WWF_Det/WWF_Data/Raw_Data/top14-p1-p2-p3-merged/yanyang/videos/00086.AVI,yanyang,RGB
D:/WWF_Det/WWF_Data/Raw_Data/top14-p1-p2-p3-merged/yanyang/videos/00103.AVI,yanyang,Infra
D:/WWF_Det/WWF_Data/Raw_Data/top14-p1-p2-p3-merged/yanyang/videos/00129.AVI,yanyang,RGB
D:/WWF_Det/WWF_Data/Raw_Data/top14-p1-p2-p3-merged/yanyang/videos/00153.AVI,yanyang,RGB
D:/WWF_Det/WWF_Data/Raw_Data/top14-p1-p2-p3-merged/yanyang/videos/00194.MOV,yanyang,RGB
D:/WWF_Det/WWF_Data/Raw_Data/top14-p1-p2-p3-merged/yanyang/videos/00218.AVI,yanyang,RGB
D:/WWF_Det/WWF_Data/Raw_Data/top14-p1-p2-p3-merged/yanyang/videos/00269.AVI,yanyang,RGB
D:/WWF_Det/WWF_Data/Raw_Data/top14-p1-p2-p3-merged/yanyang/videos/00276.AVI,yanyang,RGB
D:/WWF_Det/WWF_Data/Raw_Data/top14-p1-p2-p3-merged/yanyang/videos/00295.AVI,yanyang,RGB
D:/WWF_Det/WWF_Data/Raw_Data/top14-p1-p2-p3-merged/yanyang/videos/00297.AVI,yanyang,RGB
D:/WWF_Det/WWF_Data/Raw_Data/top14-p1-p2-p3-merged/yanyang/videos/00321.AVI,yanyang,RGB
D:/WWF_Det/WWF_Data/Raw_Data/top14-p1-p2-p3-merged/yanyang/videos/00359.AVI,yanyang,RGB
D:/WWF_Det/WWF_Data/Raw_Data/top14-p1-p2-p3-merged/yanyang/videos/00393.AVI,yanyang,RGB
D:/WWF_Det/WWF_Data/Raw_Data/top14-p1-p2-p3-merged/yanyang/videos/00442.AVI,yanyang,RGB
D:/WWF_Det/WWF_Data/Raw_Data/top14-p1-p2-p3-merged/yanyang/videos/00513.AVI,yanyang,RGB
D:/WWF_Det/WWF_Data/Raw_Data/top14-p1-p2-p3-merged/yanyang/videos/00526.AVI,yanyang,RGB
D:/WWF_Det/WWF_Data/Raw_Data/top14-p1-p2-p3-merged/yanyang/videos/00565.AVI,yanyang,RGB
D:/WWF_Det/WWF_Data/Raw_Data/top14-p1-p2-p3-merged/yanyang/videos/00606.MP4,yanyang,RGB
D:/WWF_Det/WWF_Data/Raw_Data/top14-p1-p2-p3-merged/yanyang/videos/00681.MP4,yanyang,RGB
D:/WWF_Det/WWF_Data/Raw_Data/top14-p1-p2-p3-merged/yanyang/videos/00704.MP4,yanyang,RGB
D:/WWF_Det/WWF_Data/Raw_Data/top14-p1-p2-p3-merged/yanyang/videos/00722.MP4,yanyang,RGB
D:/WWF_Det/WWF_Data/Raw_Data/top14-p1-p2-p3-merged/yanyang/videos/00729.MP4,yanyang,RGB
D:/WWF_Det/WWF_Data/Raw_Data/top14-p1-p2-p3-merged/yanyang/videos/00746.MP4,yanyang,RGB
D:/WWF_Det/WWF_Data/Raw_Data/top14-p1-p2-p3-merged/yanyang/videos/00786.AVI,yanyang,RGB
D:/WWF_Det/WWF_Data/Raw_Data/top14-p1-p2-p3-merged/yanyang/videos/00795.AVI,yanyang,RGB
D:/WWF_Det/WWF_Data/Raw_Data/top14-p1-p2-p3-merged/yanyang/videos/00861.AVI,yanyang,Infra
D:/WWF_Det/WWF_Data/Raw_Data/top14-p1-p2-p3-merged/yanyang/videos/00874.AVI,yanyang,RGB
D:/WWF_Det/WWF_Data/Raw_Data/top14-p1-p2-p3-merged/yanyang/videos/00961.MP4,yanyang,RGB
D:/WWF_Det/WWF_Data/Raw_Data/top14-p1-p2-p3-merged/yanyang/videos/01014.MP4,yanyang,RGB
D:/WWF_Det/WWF_Data/Raw_Data/top14-p1-p2-p3-merged/yanyang/videos/01115.MP4,yanyang,RGB
D:/WWF_Det/WWF_Data/Raw_Data/top14-p1-p2-p3-merged/yanyang/videos/01186.MOV,yanyang,RGB
D:/WWF_Det/WWF_Data/Raw_Data/top14-p1-p2-p3-merged/yanyang/videos/01216.AVI,yanyang,RGB
D:/WWF_Det/WWF_Data/Raw_Data/top14-p1-p2-p3-merged/yanyang/videos/01307.AVI,yanyang,RGB
D:/WWF_Det/WWF_Data/Raw_Data/top14-p1-p2-p3-merged/yanyang/videos/01309.AVI,yanyang,RGB
D:/WWF_Det/WWF_Data/Raw_Data/top14-p1-p2-p3-merged/yanyang/videos/01332.AVI,yanyang,RGB
D:/WWF_Det/WWF_Data/Raw_Data/top14-p1-p2-p3-merged/yanyang/videos/01367.AVI,yanyang,RGB
D:/WWF_Det/WWF_Data/Raw_Data/top14-p1-p2-p3-merged/yanyang/videos/01415.AVI,yanyang,RGB
D:/WWF_Det/WWF_Data/Raw_Data/top14-p1-p2-p3-merged/yanyang/videos/01490.AVI,yanyang,RGB
D:/WWF_Det/WWF_Data/Raw_Data/top14-p1-p2-p3-merged/yanyang/videos/01514.AVI,yanyang,RGB
D:/WWF_Det/WWF_Data/Raw_Data/top14-p1-p2-p3-merged/yanyang/videos/01524.AVI,yanyang,Infra
D:/WWF_Det/WWF_Data/Raw_Data/top14-p1-p2-p3-merged/yanyang/videos/01560.AVI,yanyang,Infra
D:/WWF_Det/WWF_Data/Raw_Data/top14-p1-p2-p3-merged/yanyang/videos/01582.AVI,yanyang,RGB
D:/WWF_Det/WWF_Data/Raw_Data/top14-p1-p2-p3-merged/yanyang/videos/01611.AVI,yanyang,Infra
D:/WWF_Det/WWF_Data/Raw_Data/top14-p1-p2-p3-merged/yanyang/videos/01641.MP4,yanyang,RGB
D:/WWF_Det/WWF_Data/Raw_Data/top14-p1-p2-p3-merged/yanyang/videos/01650.MOV,yanyang,RGB
D:/WWF_Det/WWF_Data/Raw_Data/top14-p1-p2-p3-merged/yanyang/videos/01653.MOV,yanyang,RGB
D:/WWF_Det/WWF_Data/Raw_Data/top14-p1-p2-p3-merged/zanghu/videos/00001.MP4,zanghu,RGB
D:/WWF_Det/WWF_Data/Raw_Data/top14-p1-p2-p3-merged/zanghu/videos/00002.MP4,zanghu,RGB
D:/WWF_Det/WWF_Data/Raw_Data/top14-p1-p2-p3-merged/zanghu/videos/00003.MP4,zanghu,RGB
D:/WWF_Det/WWF_Data/Raw_Data/top14-p1-p2-p3-merged/zanghu/videos/00004.MP4,zanghu,RGB
D:/WWF_Det/WWF_Data/Raw_Data/top14-p1-p2-p3-merged/zanghu/videos/00007.MP4,zanghu,RGB
D:/WWF_Det/WWF_Data/Raw_Data/top14-p1-p2-p3-merged/zanghu/videos/00008.MP4,zanghu,RGB
D:/WWF_Det/WWF_Data/Raw_Data/top14-p1-p2-p3-merged/zanghu/videos/00013.MP4,zanghu,RGB
D:/WWF_Det/WWF_Data/Raw_Data/top14-p1-p2-p3-merged/zanghu/videos/00014.MP4,zanghu,RGB
D:/WWF_Det/WWF_Data/Raw_Data/top14-p1-p2-p3-merged/zanghu/videos/00015.MP4,zanghu,RGB
D:/WWF_Det/WWF_Data/Raw_Data/top14-p1-p2-p3-merged/zanghu/videos/00020.MP4,zanghu,RGB
D:/WWF_Det/WWF_Data/Raw_Data/top14-p1-p2-p3-merged/zanghu/videos/00022.MP4,zanghu,RGB
D:/WWF_Det/WWF_Data/Raw_Data/top14-p1-p2-p3-merged/zanghu/videos/00023.MP4,zanghu,RGB
D:/WWF_Det/WWF_Data/Raw_Data/top14-p1-p2-p3-merged/zanghu/videos/00025.MP4,zanghu,RGB
D:/WWF_Det/WWF_Data/Raw_Data/top14-p1-p2-p3-merged/zanghu/videos/00028.MP4,zanghu,RGB
D:/WWF_Det/WWF_Data/Raw_Data/top14-p1-p2-p3-merged/zanghu/videos/00030.MP4,zanghu,RGB
D:/WWF_Det/WWF_Data/Raw_Data/top14-p1-p2-p3-merged/zanghu/videos/00032.MP4,zanghu,RGB
D:/WWF_Det/WWF_Data/Raw_Data/top14-p1-p2-p3-merged/zanghu/videos/00033.MP4,zanghu,RGB
D:/WWF_Det/WWF_Data/Raw_Data/top14-p1-p2-p3-merged/zanghu/videos/00034.MP4,zanghu,RGB
D:/WWF_Det/WWF_Data/Raw_Data/top14-p1-p2-p3-merged/zanghu/videos/00035.MP4,zanghu,RGB
D:/WWF_Det/WWF_Data/Raw_Data/top14-p1-p2-p3-merged/zanghu/videos/00040.MP4,zanghu,RGB
D:/WWF_Det/WWF_Data/Raw_Data/top14-p1-p2-p3-merged/zanghu/videos/00044.MP4,zanghu,RGB
D:/WWF_Det/WWF_Data/Raw_Data/top14-p1-p2-p3-merged/zanghu/videos/00047.MP4,zanghu,RGB
D:/WWF_Det/WWF_Data/Raw_Data/top14-p1-p2-p3-merged/zanghu/videos/00049.MP4,zanghu,RGB
D:/WWF_Det/WWF_Data/Raw_Data/top14-p1-p2-p3-merged/zanghu/videos/00054.MP4,zanghu,RGB
D:/WWF_Det/WWF_Data/Raw_Data/top14-p1-p2-p3-merged/zanghu/videos/00055.MP4,zanghu,RGB
D:/WWF_Det/WWF_Data/Raw_Data/top14-p1-p2-p3-merged/zanghu/videos/00056.MP4,zanghu,RGB
D:/WWF_Det/WWF_Data/Raw_Data/top14-p1-p2-p3-merged/zanghu/videos/00058.MP4,zanghu,RGB
D:/WWF_Det/WWF_Data/Raw_Data/top14-p1-p2-p3-merged/zanghu/videos/00059.MP4,zanghu,RGB
D:/WWF_Det/WWF_Data/Raw_Data/top14-p1-p2-p3-merged/zanghu/videos/00060.MP4,zanghu,RGB
D:/WWF_Det/WWF_Data/Raw_Data/top14-p1-p2-p3-merged/zanghu/videos/00062.MP4,zanghu,RGB
D:/WWF_Det/WWF_Data/Raw_Data/top14-p1-p2-p3-merged/zanghu/videos/00069.MP4,zanghu,RGB
D:/WWF_Det/WWF_Data/Raw_Data/top14-p1-p2-p3-merged/zanghu/videos/00070.MP4,zanghu,RGB
D:/WWF_Det/WWF_Data/Raw_Data/top14-p1-p2-p3-merged/zanghu/videos/00073.MP4,zanghu,RGB
D:/WWF_Det/WWF_Data/Raw_Data/top14-p1-p2-p3-merged/zanghu/videos/00074.MP4,zanghu,RGB
D:/WWF_Det/WWF_Data/Raw_Data/top14-p1-p2-p3-merged/zanghu/videos/00076.MP4,zanghu,RGB
D:/WWF_Det/WWF_Data/Raw_Data/top14-p1-p2-p3-merged/zanghu/videos/00078.MP4,zanghu,RGB
D:/WWF_Det/WWF_Data/Raw_Data/top14-p1-p2-p3-merged/zanghu/videos/00079.MP4,zanghu,RGB
D:/WWF_Det/WWF_Data/Raw_Data/top14-p1-p2-p3-merged/zanghu/videos/00081.MP4,zanghu,RGB
D:/WWF_Det/WWF_Data/Raw_Data/top14-p1-p2-p3-merged/zanghu/videos/00082.MP4,zanghu,RGB
D:/WWF_Det/WWF_Data/Raw_Data/top14-p1-p2-p3-merged/zanghu/videos/00083.MP4,zanghu,RGB
D:/WWF_Det/WWF_Data/Raw_Data/top14-p1-p2-p3-merged/zanghu/videos/00085.MP4,zanghu,RGB
D:/WWF_Det/WWF_Data/Raw_Data/top14-p1-p2-p3-merged/zanghu/videos/00089.MP4,zanghu,RGB
D:/WWF_Det/WWF_Data/Raw_Data/top14-p1-p2-p3-merged/zanghu/videos/00090.MP4,zanghu,RGB
D:/WWF_Det/WWF_Data/Raw_Data/top14-p1-p2-p3-merged/zanghu/videos/00091.MP4,zanghu,RGB
D:/WWF_Det/WWF_Data/Raw_Data/top14-p1-p2-p3-merged/zanghu/videos/00092.MP4,zanghu,RGB
D:/WWF_Det/WWF_Data/Raw_Data/top14-p1-p2-p3-merged/zanghu/videos/00095.MP4,zanghu,RGB
D:/WWF_Det/WWF_Data/Raw_Data/top14-p1-p2-p3-merged/zanghu/videos/00096.MP4,zanghu,RGB
D:/WWF_Det/WWF_Data/Raw_Data/top14-p1-p2-p3-merged/zanghu/videos/00097.MP4,zanghu,RGB
D:/WWF_Det/WWF_Data/Raw_Data/top14-p1-p2-p3-merged/zanghu/videos/00099.MP4,zanghu,RGB
D:/WWF_Det/WWF_Data/Raw_Data/top14-p1-p2-p3-merged/zanghu/videos/00101.MP4,zanghu,RGB
