"任务编号","题目ID","题目数据","题目状态","标注人","标注时间","是否有效","无效原因","标注答案"
"608017164766228480	","608014706841255936	","{""id"": ""846"", ""tag"": ""高原山鹑"", ""url"": ""https://aidata-1258344706.cos.ap-guangzhou.myqcloud.com/target/resource/607946138525167616/607947458298548224_00037-0001.jpg?q-sign-algorithm=sha1&q-ak=AKIDlNFwA_F0an37anckyemuoX9RXv3lq7cMz9WLXWjG1FZP37YDl62vhu2dXQLq_LoW&q-sign-time=1625113226;1625372426&q-key-time=1625113226;1625372426&q-header-list=&q-url-param-list=&q-signature=6f85b5a4f57c6101c30ff319547bf951063384e5&x-cos-security-token=K6Q8xOwyR6xmlE4mK84dZ0yf6kRyHr7a943c21e8fb6364077463097474fb8b7dqx3Lnew6f7h5Vle8xLbUxdn2ck6iKkE2UKcrCUJiJlfZlWQXc5IhfU0Tf7aR1LynaTqbCAYzs4jkYgX3f-Vh1Ce5hFj2-Z3s34nmXMaG7ak0XQqZFlrTHeid82GxYCwV2--3KV44cDUcEvJUsGVkwkZZYlnb4dRt9GWzZ7QVC8hsinmwvc66GbvmcxUdnwxJYkANSSJUr5KqURUpumV4s3jBNL0SWJA8wjvoMh4ugsCzeq844yUD4ZfWdx5n0U26FV4i5THNvQ_GQ09yv35GG-o7W3Lrjsprmzq6HmNBJpKjGIdVuafQGm0bnnV4yXvooWracfCzJ7U1OTf9yLnf_w"", ""Path"": ""top14-p5/gaoyuanshanchun/frames/00037-0001.jpg"", ""video_url"": ""None"", ""video_path"": ""top14-p5/gaoyuanshanchun/videos/00037.AVI""}","通过质检","一场游戏  一场梦","2021-07-02 09:52:36.0","否","无目标","{}"
"608017164766228480	","608014706841255937	","{""id"": ""847"", ""tag"": ""高原山鹑"", ""url"": ""https://aidata-1258344706.cos.ap-guangzhou.myqcloud.com/target/resource/607946138525167616/607947458298548225_00037-0002.jpg?q-sign-algorithm=sha1&q-ak=AKIDNYQ1Gj-xD9Qi24cqeFowMACYYKT4F4RQnw3N602Urn4jpQ09cVzrjaHLUWYa8KgC&q-sign-time=1625113226;1625372426&q-key-time=1625113226;1625372426&q-header-list=&q-url-param-list=&q-signature=76254638818bc5c7069f7bfc87ab704ac77fa441&x-cos-security-token=K6Q8xOwyR6xmlE4mK84dZ0yf6kRyHr7aecd42c6111e5130344506583f19d72feqx3Lnew6f7h5Vle8xLbUxdn2ck6iKkE2UKcrCUJiJlfZlWQXc5IhfU0Tf7aR1LynaTqbCAYzs4jkYgX3f-Vh1Ce5hFj2-Z3s34nmXMaG7ak0XQqZFlrTHeid82GxYCwV2--3KV44cDUcEvJUsGVkwkZZYlnb4dRt9GWzZ7QVC8hsinmwvc66GbvmcxUdnwxJYkANSSJUr5KqURUpumV4s3jBNL0SWJA8wjvoMh4ugsCzeq844yUD4ZfWdx5n0U26FV4i5THNvQ_GQ09yv35GG-o7W3Lrjsprmzq6HmNBJpIjpz_2EsuufoZuKju9iwhMjJDOg54kISE7dLZORgfM1w"", ""Path"": ""top14-p5/gaoyuanshanchun/frames/00037-0002.jpg"", ""video_url"": ""None"", ""video_path"": ""top14-p5/gaoyuanshanchun/videos/00037.AVI""}","通过质检","一场游戏  一场梦","2021-07-02 09:52:33.0","否","无目标","{}"
"608017164766228480	","608014706841255938	","{""id"": ""848"", ""tag"": ""高原山鹑"", ""url"": ""https://aidata-1258344706.cos.ap-guangzhou.myqcloud.com/target/resource/607946138525167616/607947458298548226_00037-0003.jpg?q-sign-algorithm=sha1&q-ak=AKIDV9JCvtc6yabxK0lFGUVW8HF-P98XqJbcHXGy5xBgQY81qAr2RxjH6Xf5Jaa2rU_r&q-sign-time=1625113226;1625372426&q-key-time=1625113226;1625372426&q-header-list=&q-url-param-list=&q-signature=979394c93382d0a664568bc363ed880c7b170e8c&x-cos-security-token=K6Q8xOwyR6xmlE4mK84dZ0yf6kRyHr7af935b334601b1bd056934dbe46ccfaedqx3Lnew6f7h5Vle8xLbUxdn2ck6iKkE2UKcrCUJiJlfZlWQXc5IhfU0Tf7aR1LynaTqbCAYzs4jkYgX3f-Vh1Ce5hFj2-Z3s34nmXMaG7ak0XQqZFlrTHeid82GxYCwV2--3KV44cDUcEvJUsGVkwkZZYlnb4dRt9GWzZ7QVC8hsinmwvc66GbvmcxUdnwxJYkANSSJUr5KqURUpumV4s3jBNL0SWJA8wjvoMh4ugsCzeq844yUD4ZfWdx5n0U26FV4i5THNvQ_GQ09yv35GG-o7W3Lrjsprmzq6HmNBJpInqI38oxtuQH5E3KMypHPsyUcDQOrBI62MHfUHxDniQQ"", ""Path"": ""top14-p5/gaoyuanshanchun/frames/00037-0003.jpg"", ""video_url"": ""None"", ""video_path"": ""top14-p5/gaoyuanshanchun/videos/00037.AVI""}","通过质检","一场游戏  一场梦","2021-07-02 09:52:31.0","否","无目标","{}"
"608017164766228480	","608014706841255939	","{""id"": ""849"", ""tag"": ""高原山鹑"", ""url"": ""https://aidata-1258344706.cos.ap-guangzhou.myqcloud.com/target/resource/607946138525167616/607947458298548227_00037-0004.jpg?q-sign-algorithm=sha1&q-ak=AKID5rsWMfbnCx9Vu-QWZj_efUgSUV_qScxdUDh2PHKuDZ1lH_sCpgW_6R9AVo6A7Q4s&q-sign-time=1625113226;1625372426&q-key-time=1625113226;1625372426&q-header-list=&q-url-param-list=&q-signature=5a66fdade6696fa938fa6452a2e307e68f3deb76&x-cos-security-token=f8R33Ych2nIgnJWU0fO2jYYseUjEYY2ab40ed5ca29adad43500984d5b17c3e73VaC13eq7yKcvisbvjeGoDCZs5S8TZgh16VhyU04WXQXOYyfCKnd5Z9zoPS6fBgweHhrijdJGp2oDr_9ZX43ofS6B1oJnU_yslGGFCX8707fplH3pDhirj3oYawmKIFbPBLJ3md_Hi515HcM-Ux1DdznvSW2vCH0zlOB2JL5jgPMZZT6SnJn9RCLAp8Vam9TgQdLIb73YU3sd-Ev3z_2Wmr05h2V1VlgLHMs4uKT9lZ90d6mVe2IN0AwkmMtVB_UXPiXY-YCfuR1YUcVRTKV2N2vkpnXBlgM13czgGHj1a-NNZfpey77pmdvgHcLN4QYsW-O-c296oYT5XSNsPKIyRw"", ""Path"": ""top14-p5/gaoyuanshanchun/frames/00037-0004.jpg"", ""video_url"": ""None"", ""video_path"": ""top14-p5/gaoyuanshanchun/videos/00037.AVI""}","通过质检","一场游戏  一场梦","2021-07-02 09:52:29.0","否","无目标","{}"
"608017164766228480	","608014706841255940	","{""id"": ""850"", ""tag"": ""高原山鹑"", ""url"": ""https://aidata-1258344706.cos.ap-guangzhou.myqcloud.com/target/resource/607946138525167616/607947458298548228_00037-0005.jpg?q-sign-algorithm=sha1&q-ak=AKIDn7y48wJL_oz6do04ZNhGX6KPSDDUxXJA8usyViaWfggWLaJmPo14Y3DL5tCNXMwQ&q-sign-time=1625113226;1625372426&q-key-time=1625113226;1625372426&q-header-list=&q-url-param-list=&q-signature=fe0d86622c8e093f2238af70d6d6ebf87429291b&x-cos-security-token=K6Q8xOwyR6xmlE4mK84dZ0yf6kRyHr7a51d344192d408ecdf65dd8e04f28f00fqx3Lnew6f7h5Vle8xLbUxdn2ck6iKkE2UKcrCUJiJlfZlWQXc5IhfU0Tf7aR1LynaTqbCAYzs4jkYgX3f-Vh1Ce5hFj2-Z3s34nmXMaG7ak0XQqZFlrTHeid82GxYCwV2--3KV44cDUcEvJUsGVkwkZZYlnb4dRt9GWzZ7QVC8hsinmwvc66GbvmcxUdnwxJYkANSSJUr5KqURUpumV4s3jBNL0SWJA8wjvoMh4ugsCzeq844yUD4ZfWdx5n0U26FV4i5THNvQ_GQ09yv35GG-o7W3Lrjsprmzq6HmNBJpIswnAYwLzeRyJn1fipS979lvb-gsKNZgueI1Y6mdVbcQ"", ""Path"": ""top14-p5/gaoyuanshanchun/frames/00037-0005.jpg"", ""video_url"": ""None"", ""video_path"": ""top14-p5/gaoyuanshanchun/videos/00037.AVI""}","通过质检","一场游戏  一场梦","2021-07-02 09:52:27.0","否","无目标","{}"
"608017164766228480	","608014706841255941	","{""id"": ""851"", ""tag"": ""高原山鹑"", ""url"": ""https://aidata-1258344706.cos.ap-guangzhou.myqcloud.com/target/resource/607946138525167616/607947458298548229_00037-0006.jpg?q-sign-algorithm=sha1&q-ak=AKIDPQ5xvxoYoUMQdAwOHrjnYvFACZLI_fMalfZb5Rl4yREmqtJoHZp_-0rTbH1Ruxzp&q-sign-time=1625113226;1625372426&q-key-time=1625113226;1625372426&q-header-list=&q-url-param-list=&q-signature=511edf4f056ba5cb134573a73dfb4acc14a1829a&x-cos-security-token=f8R33Ych2nIgnJWU0fO2jYYseUjEYY2ae5efab25f9aee5a26ba0cfb954bfe0f5VaC13eq7yKcvisbvjeGoDCZs5S8TZgh16VhyU04WXQXOYyfCKnd5Z9zoPS6fBgweHhrijdJGp2oDr_9ZX43ofS6B1oJnU_yslGGFCX8707fplH3pDhirj3oYawmKIFbPBLJ3md_Hi515HcM-Ux1DdznvSW2vCH0zlOB2JL5jgPMZZT6SnJn9RCLAp8Vam9TgQdLIb73YU3sd-Ev3z_2Wmr05h2V1VlgLHMs4uKT9lZ90d6mVe2IN0AwkmMtVB_UXPiXY-YCfuR1YUcVRTKV2N2vkpnXBlgM13czgGHj1a-PYu1-e15sftfVL3SyXfSBgOAo_xftOiJ1Qy9w3WCT7bg"", ""Path"": ""top14-p5/gaoyuanshanchun/frames/00037-0006.jpg"", ""video_url"": ""None"", ""video_path"": ""top14-p5/gaoyuanshanchun/videos/00037.AVI""}","通过质检","一场游戏  一场梦","2021-07-02 09:52:25.0","否","无目标","{}"
"608017164766228480	","608014706841255942	","{""id"": ""852"", ""tag"": ""高原山鹑"", ""url"": ""https://aidata-1258344706.cos.ap-guangzhou.myqcloud.com/target/resource/607946138525167616/607947458298548230_00037-0007.jpg?q-sign-algorithm=sha1&q-ak=AKIDL_QP7F0Qar_PlLu8M6YSkbU0p3_vo4atAhf8p-vLd1Puw8B5f5WaK_HEFA72E_jc&q-sign-time=1625113226;1625372426&q-key-time=1625113226;1625372426&q-header-list=&q-url-param-list=&q-signature=9f20e045c60c158404a8718ddd44d34ba530e985&x-cos-security-token=K6Q8xOwyR6xmlE4mK84dZ0yf6kRyHr7aef79dbfc971e92952f69dea215b7b9a9qx3Lnew6f7h5Vle8xLbUxdn2ck6iKkE2UKcrCUJiJlfZlWQXc5IhfU0Tf7aR1LynaTqbCAYzs4jkYgX3f-Vh1Ce5hFj2-Z3s34nmXMaG7ak0XQqZFlrTHeid82GxYCwV2--3KV44cDUcEvJUsGVkwkZZYlnb4dRt9GWzZ7QVC8hsinmwvc66GbvmcxUdnwxJYkANSSJUr5KqURUpumV4s3jBNL0SWJA8wjvoMh4ugsCzeq844yUD4ZfWdx5n0U26FV4i5THNvQ_GQ09yv35GG-o7W3Lrjsprmzq6HmNBJpIOCO_t0bz1TrLr_m_4wkTVafjvc07qQDfXc03yn6ENug"", ""Path"": ""top14-p5/gaoyuanshanchun/frames/00037-0007.jpg"", ""video_url"": ""None"", ""video_path"": ""top14-p5/gaoyuanshanchun/videos/00037.AVI""}","通过质检","一场游戏  一场梦","2021-07-02 09:52:23.0","否","无目标","{}"
"608017164766228480	","608014706841255943	","{""id"": ""853"", ""tag"": ""高原山鹑"", ""url"": ""https://aidata-1258344706.cos.ap-guangzhou.myqcloud.com/target/resource/607946138525167616/607947458298548231_00037-0008.jpg?q-sign-algorithm=sha1&q-ak=AKIDHCk_I0BK-0EW_LAs-riHr6d1qHfQyI6i-y2di38iVBMlWbT3Fjmmo94PZEXAVAZf&q-sign-time=1625113226;1625372426&q-key-time=1625113226;1625372426&q-header-list=&q-url-param-list=&q-signature=b634e3e5d9689ed707013510e510cc830ab11e80&x-cos-security-token=jmCCFCZ07AWjN0xvNlUPyP0mQYfzOAHadcc3f497a0c6e32a6399187f606228af0z2hQp1bEqLwIwCjaPDubAYWOpKs3j8VnJv1I4eVPlP-BaAFxjiomO4benvs_d_7HbcJdH5i-nOup100UjYHCzUOQ8q95Optr-uzq9Oww_IB4jrqlUu7GOlhb4xWqxnGKaUqOzpVa_S141oupCWRuoEWuIyHWU8G6ZG5gVxUNIaKz7S3hsnr4_JgOp6M6pxY7-_qnABbG0AXBgvX1Fb_xQlDdWDDy9R_s0dZR_dJUkJ4UnD3neAa4vOPe8uL8ium7rzwPyvGqtZ96tXFWuauhBvOE8rWuasJAW4q3r-zIFMr7QwWApT0RbKk-LtOoTycVHXD-kxcuoOMSr5ohxxktw"", ""Path"": ""top14-p5/gaoyuanshanchun/frames/00037-0008.jpg"", ""video_url"": ""None"", ""video_path"": ""top14-p5/gaoyuanshanchun/videos/00037.AVI""}","通过质检","一场游戏  一场梦","2021-07-02 09:52:21.0","否","无目标","{}"
"608017164766228480	","608014706841255944	","{""id"": ""854"", ""tag"": ""高原山鹑"", ""url"": ""https://aidata-1258344706.cos.ap-guangzhou.myqcloud.com/target/resource/607946138525167616/607947458298548232_00037-0009.jpg?q-sign-algorithm=sha1&q-ak=AKIDrvPdUCfPhysqrTeCbHti5wi211BSp3bQGBSx237qb0pkLryMUGv976STAdOp1GzG&q-sign-time=1625113226;1625372426&q-key-time=1625113226;1625372426&q-header-list=&q-url-param-list=&q-signature=e8f8f26b04e845bf5a83aa370967c171ba2cf0c0&x-cos-security-token=K6Q8xOwyR6xmlE4mK84dZ0yf6kRyHr7a087a1d5c0616130d6f3008bfcc0ce29fqx3Lnew6f7h5Vle8xLbUxdn2ck6iKkE2UKcrCUJiJlfZlWQXc5IhfU0Tf7aR1LynaTqbCAYzs4jkYgX3f-Vh1Ce5hFj2-Z3s34nmXMaG7ak0XQqZFlrTHeid82GxYCwV2--3KV44cDUcEvJUsGVkwkZZYlnb4dRt9GWzZ7QVC8hsinmwvc66GbvmcxUdnwxJYkANSSJUr5KqURUpumV4s3jBNL0SWJA8wjvoMh4ugsCzeq844yUD4ZfWdx5n0U26FV4i5THNvQ_GQ09yv35GG-o7W3Lrjsprmzq6HmNBJpLmU8m_2WtB4Twh1QxPQ383_M5DX2LDmpD6sRMUvf_V8w"", ""Path"": ""top14-p5/gaoyuanshanchun/frames/00037-0009.jpg"", ""video_url"": ""None"", ""video_path"": ""top14-p5/gaoyuanshanchun/videos/00037.AVI""}","通过质检","一场游戏  一场梦","2021-07-02 09:52:18.0","否","无目标","{}"
"608017164766228480	","608014706841255945	","{""id"": ""855"", ""tag"": ""高原山鹑"", ""url"": ""https://aidata-1258344706.cos.ap-guangzhou.myqcloud.com/target/resource/607946138525167616/607947458298548233_00037-0010.jpg?q-sign-algorithm=sha1&q-ak=AKIDlNFwA_F0an37anckyemuoX9RXv3lq7cMz9WLXWjG1FZP37YDl62vhu2dXQLq_LoW&q-sign-time=1625113226;1625372426&q-key-time=1625113226;1625372426&q-header-list=&q-url-param-list=&q-signature=d3224dafe53dada8b82682e9d9e4adaceb1c1191&x-cos-security-token=K6Q8xOwyR6xmlE4mK84dZ0yf6kRyHr7a943c21e8fb6364077463097474fb8b7dqx3Lnew6f7h5Vle8xLbUxdn2ck6iKkE2UKcrCUJiJlfZlWQXc5IhfU0Tf7aR1LynaTqbCAYzs4jkYgX3f-Vh1Ce5hFj2-Z3s34nmXMaG7ak0XQqZFlrTHeid82GxYCwV2--3KV44cDUcEvJUsGVkwkZZYlnb4dRt9GWzZ7QVC8hsinmwvc66GbvmcxUdnwxJYkANSSJUr5KqURUpumV4s3jBNL0SWJA8wjvoMh4ugsCzeq844yUD4ZfWdx5n0U26FV4i5THNvQ_GQ09yv35GG-o7W3Lrjsprmzq6HmNBJpKjGIdVuafQGm0bnnV4yXvooWracfCzJ7U1OTf9yLnf_w"", ""Path"": ""top14-p5/gaoyuanshanchun/frames/00037-0010.jpg"", ""video_url"": ""None"", ""video_path"": ""top14-p5/gaoyuanshanchun/videos/00037.AVI""}","通过质检","一场游戏  一场梦","2021-07-02 09:52:16.0","否","无目标","{}"
"608017164766228480	","608014706841255946	","{""id"": ""856"", ""tag"": ""高原山鹑"", ""url"": ""https://aidata-1258344706.cos.ap-guangzhou.myqcloud.com/target/resource/607946138525167616/607947458298548234_00037-0011.jpg?q-sign-algorithm=sha1&q-ak=AKIDx3SqBAk8du2ocTtGlx83ifBoZbTPyrWF1VMgGmlU4BLyn0spOFpIY71VLh-YhwVW&q-sign-time=1625113226;1625372426&q-key-time=1625113226;1625372426&q-header-list=&q-url-param-list=&q-signature=877f29de45eb3e37bb47f87cddcfb95f81ca0b70&x-cos-security-token=f8R33Ych2nIgnJWU0fO2jYYseUjEYY2a020eac7919a6710497b6e021b5535665VaC13eq7yKcvisbvjeGoDCZs5S8TZgh16VhyU04WXQXOYyfCKnd5Z9zoPS6fBgweHhrijdJGp2oDr_9ZX43ofS6B1oJnU_yslGGFCX8707fplH3pDhirj3oYawmKIFbPBLJ3md_Hi515HcM-Ux1DdznvSW2vCH0zlOB2JL5jgPMZZT6SnJn9RCLAp8Vam9TgQdLIb73YU3sd-Ev3z_2Wmr05h2V1VlgLHMs4uKT9lZ90d6mVe2IN0AwkmMtVB_UXPiXY-YCfuR1YUcVRTKV2N2vkpnXBlgM13czgGHj1a-MJpEMSTjYHdsNvD3nG0BiQu8xOlMq2cqkVAgLy49T4kg"", ""Path"": ""top14-p5/gaoyuanshanchun/frames/00037-0011.jpg"", ""video_url"": ""None"", ""video_path"": ""top14-p5/gaoyuanshanchun/videos/00037.AVI""}","通过质检","一场游戏  一场梦","2021-07-02 09:52:14.0","否","无目标","{}"
"608017164766228480	","608014706841255947	","{""id"": ""857"", ""tag"": ""高原山鹑"", ""url"": ""https://aidata-1258344706.cos.ap-guangzhou.myqcloud.com/target/resource/607946138525167616/607947458298548235_00037-0012.jpg?q-sign-algorithm=sha1&q-ak=AKIDEreXI9m9838Ko8UPl0V0KZ-j9hJhquPBzkVgkoLvM5HLlMlPxx_A8MfNu4ymOZkI&q-sign-time=1625113226;1625372426&q-key-time=1625113226;1625372426&q-header-list=&q-url-param-list=&q-signature=95f9d0d4afba42a82b328c4c8ceb067d14a77bd3&x-cos-security-token=K6Q8xOwyR6xmlE4mK84dZ0yf6kRyHr7ac49f27f3e8e19a8718ee49e4df9b8841qx3Lnew6f7h5Vle8xLbUxdn2ck6iKkE2UKcrCUJiJlfZlWQXc5IhfU0Tf7aR1LynaTqbCAYzs4jkYgX3f-Vh1Ce5hFj2-Z3s34nmXMaG7ak0XQqZFlrTHeid82GxYCwV2--3KV44cDUcEvJUsGVkwkZZYlnb4dRt9GWzZ7QVC8hsinmwvc66GbvmcxUdnwxJYkANSSJUr5KqURUpumV4s3jBNL0SWJA8wjvoMh4ugsCzeq844yUD4ZfWdx5n0U26FV4i5THNvQ_GQ09yv35GG-o7W3Lrjsprmzq6HmNBJpJ8dEA0ODg8HeEBw8DarRdev2nmd81E0o3IO9xtoOCqgQ"", ""Path"": ""top14-p5/gaoyuanshanchun/frames/00037-0012.jpg"", ""video_url"": ""None"", ""video_path"": ""top14-p5/gaoyuanshanchun/videos/00037.AVI""}","通过质检","一场游戏  一场梦","2021-07-02 09:52:12.0","否","无目标","{}"
"608017164766228480	","608014706841255948	","{""id"": ""858"", ""tag"": ""高原山鹑"", ""url"": ""https://aidata-1258344706.cos.ap-guangzhou.myqcloud.com/target/resource/607946138525167616/607947458298548236_00037-0013.jpg?q-sign-algorithm=sha1&q-ak=AKIDfh8sVvKp13xegv8m05Sj0_GOk68bSHjDOJcpYblKrUKxpzcCtwbmeJDLIr-dYVMa&q-sign-time=1625113226;1625372426&q-key-time=1625113226;1625372426&q-header-list=&q-url-param-list=&q-signature=292844c9238240d2c7011968d6bbd441cc2d9fb0&x-cos-security-token=K6Q8xOwyR6xmlE4mK84dZ0yf6kRyHr7a3df786f317a1ce4a308e7e23acab84b6qx3Lnew6f7h5Vle8xLbUxdn2ck6iKkE2UKcrCUJiJlfZlWQXc5IhfU0Tf7aR1LynaTqbCAYzs4jkYgX3f-Vh1Ce5hFj2-Z3s34nmXMaG7ak0XQqZFlrTHeid82GxYCwV2--3KV44cDUcEvJUsGVkwkZZYlnb4dRt9GWzZ7QVC8hsinmwvc66GbvmcxUdnwxJYkANSSJUr5KqURUpumV4s3jBNL0SWJA8wjvoMh4ugsCzeq844yUD4ZfWdx5n0U26FV4i5THNvQ_GQ09yv35GG-o7W3Lrjsprmzq6HmNBJpLnxkeVZgAfqmEAmMkKgk2Bd1TFA8e93Tl3QzXPlH_VrA"", ""Path"": ""top14-p5/gaoyuanshanchun/frames/00037-0013.jpg"", ""video_url"": ""None"", ""video_path"": ""top14-p5/gaoyuanshanchun/videos/00037.AVI""}","通过质检","一场游戏  一场梦","2021-07-02 09:52:10.0","否","无目标","{}"
"608017164766228480	","608014706841255949	","{""id"": ""859"", ""tag"": ""高原山鹑"", ""url"": ""https://aidata-1258344706.cos.ap-guangzhou.myqcloud.com/target/resource/607946138525167616/607947458298548237_00037-0014.jpg?q-sign-algorithm=sha1&q-ak=AKIDV8xNYOM7Pe1IaQh6E2fN0hEVFpZit_5_KSjF6Ci4bCxnLk5S2MxZUdmv5sBVhIoY&q-sign-time=1625113226;1625372426&q-key-time=1625113226;1625372426&q-header-list=&q-url-param-list=&q-signature=5502fbef847fb93e75142abcdfeb64d786035e66&x-cos-security-token=K6Q8xOwyR6xmlE4mK84dZ0yf6kRyHr7a23aff07e79821733cae134a5dde5f103qx3Lnew6f7h5Vle8xLbUxdn2ck6iKkE2UKcrCUJiJlfZlWQXc5IhfU0Tf7aR1LynaTqbCAYzs4jkYgX3f-Vh1Ce5hFj2-Z3s34nmXMaG7ak0XQqZFlrTHeid82GxYCwV2--3KV44cDUcEvJUsGVkwkZZYlnb4dRt9GWzZ7QVC8hsinmwvc66GbvmcxUdnwxJYkANSSJUr5KqURUpumV4s3jBNL0SWJA8wjvoMh4ugsCzeq844yUD4ZfWdx5n0U26FV4i5THNvQ_GQ09yv35GG-o7W3Lrjsprmzq6HmNBJpJx2aVsNdcj3YcByTtmG2NXfEv4GX55zl82KV0CdStdcQ"", ""Path"": ""top14-p5/gaoyuanshanchun/frames/00037-0014.jpg"", ""video_url"": ""None"", ""video_path"": ""top14-p5/gaoyuanshanchun/videos/00037.AVI""}","通过质检","一场游戏  一场梦","2021-07-02 09:52:08.0","否","无目标","{}"
"608017164766228480	","608014706841255950	","{""id"": ""860"", ""tag"": ""高原山鹑"", ""url"": ""https://aidata-1258344706.cos.ap-guangzhou.myqcloud.com/target/resource/607946138525167616/607947458298548238_00037-0015.jpg?q-sign-algorithm=sha1&q-ak=AKIDNWF_jjBhR9pd0p9dzqIplF5gu9U8upCpCUfjNXJsbA7pd9HODrHrZyRijue6N8ah&q-sign-time=1625113226;1625372426&q-key-time=1625113226;1625372426&q-header-list=&q-url-param-list=&q-signature=05b0e450e6c365426fe6ee69a5f54edbbe9fc266&x-cos-security-token=K6Q8xOwyR6xmlE4mK84dZ0yf6kRyHr7a9bc99eaf7d517a7f67f7c8ce190baefbqx3Lnew6f7h5Vle8xLbUxdn2ck6iKkE2UKcrCUJiJlfZlWQXc5IhfU0Tf7aR1LynaTqbCAYzs4jkYgX3f-Vh1Ce5hFj2-Z3s34nmXMaG7ak0XQqZFlrTHeid82GxYCwV2--3KV44cDUcEvJUsGVkwkZZYlnb4dRt9GWzZ7QVC8hsinmwvc66GbvmcxUdnwxJYkANSSJUr5KqURUpumV4s3jBNL0SWJA8wjvoMh4ugsCzeq844yUD4ZfWdx5n0U26FV4i5THNvQ_GQ09yv35GG-o7W3Lrjsprmzq6HmNBJpIZDS5LAeQaXGLTMcBhglCuQHHpyzoeG3MsaGNonRDEVw"", ""Path"": ""top14-p5/gaoyuanshanchun/frames/00037-0015.jpg"", ""video_url"": ""None"", ""video_path"": ""top14-p5/gaoyuanshanchun/videos/00037.AVI""}","通过质检","一场游戏  一场梦","2021-07-02 09:52:06.0","否","无目标","{}"
"608017164766228480	","608014706841255951	","{""id"": ""861"", ""tag"": ""高原山鹑"", ""url"": ""https://aidata-1258344706.cos.ap-guangzhou.myqcloud.com/target/resource/607946138525167616/607947458298548239_00037-0016.jpg?q-sign-algorithm=sha1&q-ak=AKIDwl0EKB-XH2EksOyADtef3XKLnhflYIB_KFuVHxucdvaWTQbQjYXnHZmYQcxtZT1X&q-sign-time=1625113226;1625372426&q-key-time=1625113226;1625372426&q-header-list=&q-url-param-list=&q-signature=a19ffa3b749b71629a133332f82159784805e9bc&x-cos-security-token=K6Q8xOwyR6xmlE4mK84dZ0yf6kRyHr7a1a91a8a5ae04290cb53e4286b33835c6qx3Lnew6f7h5Vle8xLbUxdn2ck6iKkE2UKcrCUJiJlfZlWQXc5IhfU0Tf7aR1LynaTqbCAYzs4jkYgX3f-Vh1Ce5hFj2-Z3s34nmXMaG7ak0XQqZFlrTHeid82GxYCwV2--3KV44cDUcEvJUsGVkwkZZYlnb4dRt9GWzZ7QVC8hsinmwvc66GbvmcxUdnwxJYkANSSJUr5KqURUpumV4s3jBNL0SWJA8wjvoMh4ugsCzeq844yUD4ZfWdx5n0U26FV4i5THNvQ_GQ09yv35GG-o7W3Lrjsprmzq6HmNBJpKGrWE93aNJU0HPEbCUtEe3Rsj4GrjT3ttOvfJ3A7aD3A"", ""Path"": ""top14-p5/gaoyuanshanchun/frames/00037-0016.jpg"", ""video_url"": ""None"", ""video_path"": ""top14-p5/gaoyuanshanchun/videos/00037.AVI""}","通过质检","一场游戏  一场梦","2021-07-02 09:52:03.0","否","无目标","{}"
"608017164766228480	","608014706841255952	","{""id"": ""862"", ""tag"": ""高原山鹑"", ""url"": ""https://aidata-1258344706.cos.ap-guangzhou.myqcloud.com/target/resource/607946138525167616/607947458298548240_00037-0017.jpg?q-sign-algorithm=sha1&q-ak=AKIDueaKDUbwgYcbMyTyTAq0cb1HUzVNtlrbCT2gwAEmfzxNdcbfY5G_y15n_Xvb8Y98&q-sign-time=1625113226;1625372426&q-key-time=1625113226;1625372426&q-header-list=&q-url-param-list=&q-signature=bbcb39a2d38f7dd3024bcf3d0b6db632c36ede46&x-cos-security-token=f8R33Ych2nIgnJWU0fO2jYYseUjEYY2a302f3f8753dfde8659c4202db62bc770VaC13eq7yKcvisbvjeGoDCZs5S8TZgh16VhyU04WXQXOYyfCKnd5Z9zoPS6fBgweHhrijdJGp2oDr_9ZX43ofS6B1oJnU_yslGGFCX8707fplH3pDhirj3oYawmKIFbPBLJ3md_Hi515HcM-Ux1DdznvSW2vCH0zlOB2JL5jgPMZZT6SnJn9RCLAp8Vam9TgQdLIb73YU3sd-Ev3z_2Wmr05h2V1VlgLHMs4uKT9lZ90d6mVe2IN0AwkmMtVB_UXPiXY-YCfuR1YUcVRTKV2N2vkpnXBlgM13czgGHj1a-MTlhOPlZ18iyH09h0SyrlvLmAY2xw3VKMLEHf61FeL-A"", ""Path"": ""top14-p5/gaoyuanshanchun/frames/00037-0017.jpg"", ""video_url"": ""None"", ""video_path"": ""top14-p5/gaoyuanshanchun/videos/00037.AVI""}","通过质检","一场游戏  一场梦","2021-07-02 09:52:01.0","否","无目标","{}"
"608017164766228480	","608014706841255953	","{""id"": ""863"", ""tag"": ""高原山鹑"", ""url"": ""https://aidata-1258344706.cos.ap-guangzhou.myqcloud.com/target/resource/607946138525167616/607947458298548241_00069-0001.jpg?q-sign-algorithm=sha1&q-ak=AKIDrhf9EQzTrZGmRNCxd6jCnmF4sYVGcXksl-KNiE5a893SGtNZ-0w2Vx34rUtKMydO&q-sign-time=1625113226;1625372426&q-key-time=1625113226;1625372426&q-header-list=&q-url-param-list=&q-signature=3be750fff70d044b36515daf7fb5fbd8a36bbe09&x-cos-security-token=f8R33Ych2nIgnJWU0fO2jYYseUjEYY2a7c093251cc91e16d07e3e1d70a932e82VaC13eq7yKcvisbvjeGoDCZs5S8TZgh16VhyU04WXQXOYyfCKnd5Z9zoPS6fBgweHhrijdJGp2oDr_9ZX43ofS6B1oJnU_yslGGFCX8707fplH3pDhirj3oYawmKIFbPBLJ3md_Hi515HcM-Ux1DdznvSW2vCH0zlOB2JL5jgPMZZT6SnJn9RCLAp8Vam9TgQdLIb73YU3sd-Ev3z_2Wmr05h2V1VlgLHMs4uKT9lZ90d6mVe2IN0AwkmMtVB_UXPiXY-YCfuR1YUcVRTKV2N2vkpnXBlgM13czgGHj1a-NjDmwXcO1v38azqNWRGbtLem8gIV4PClEEjYOfRszz_A"", ""Path"": ""top14-p5/gaoyuanshanchun/frames/00069-0001.jpg"", ""video_url"": ""None"", ""video_path"": ""top14-p5/gaoyuanshanchun/videos/00069.AVI""}","通过质检","一场游戏  一场梦","2021-07-02 09:51:03.0","是","","{""tags"":[],""objects"":[{""type"":""image/rect"",""data"":[{""x"":228.67,""y"":623.13},{""x"":388.94,""y"":623.13},{""x"":388.94,""y"":761.37},{""x"":228.67,""y"":761.37}],""tags"":[{""name"":""物体检测试标"",""label"":""多选"",""value"":[""目标类别物体出现比例-全部出现""]}],""featureId"":""feature-mCaf12st"",""color"":""#2D8CF0"",""name"":""RGB图片""},{""type"":""image/rect"",""data"":[{""x"":738.53,""y"":562.03},{""x"":847.71,""y"":562.03},{""x"":847.71,""y"":714.29},{""x"":738.53,""y"":714.29}],""tags"":[{""name"":""物体检测试标"",""label"":""多选"",""value"":[""目标类别物体出现比例-全部出现""]}],""featureId"":""feature-JCOdeIrp"",""color"":""#2D8CF0"",""name"":""RGB图片""},{""type"":""image/rect"",""data"":[{""x"":915.82,""y"":512.95},{""x"":1126.18,""y"":512.95},{""x"":1126.18,""y"":661.2},{""x"":915.82,""y"":661.2}],""tags"":[{""name"":""物体检测试标"",""label"":""多选"",""value"":[""目标类别物体出现比例-全部出现""]}],""featureId"":""feature-Rs9MTx9p"",""color"":""#2D8CF0"",""name"":""RGB图片""}]}"
"608017164766228480	","608014706841255954	","{""id"": ""864"", ""tag"": ""高原山鹑"", ""url"": ""https://aidata-1258344706.cos.ap-guangzhou.myqcloud.com/target/resource/607946138525167616/607947458298548242_00069-0002.jpg?q-sign-algorithm=sha1&q-ak=AKIDHCk_I0BK-0EW_LAs-riHr6d1qHfQyI6i-y2di38iVBMlWbT3Fjmmo94PZEXAVAZf&q-sign-time=1625113226;1625372426&q-key-time=1625113226;1625372426&q-header-list=&q-url-param-list=&q-signature=aaefbc4bfa912000e5afd39b190b1299e0a8aeeb&x-cos-security-token=jmCCFCZ07AWjN0xvNlUPyP0mQYfzOAHadcc3f497a0c6e32a6399187f606228af0z2hQp1bEqLwIwCjaPDubAYWOpKs3j8VnJv1I4eVPlP-BaAFxjiomO4benvs_d_7HbcJdH5i-nOup100UjYHCzUOQ8q95Optr-uzq9Oww_IB4jrqlUu7GOlhb4xWqxnGKaUqOzpVa_S141oupCWRuoEWuIyHWU8G6ZG5gVxUNIaKz7S3hsnr4_JgOp6M6pxY7-_qnABbG0AXBgvX1Fb_xQlDdWDDy9R_s0dZR_dJUkJ4UnD3neAa4vOPe8uL8ium7rzwPyvGqtZ96tXFWuauhBvOE8rWuasJAW4q3r-zIFMr7QwWApT0RbKk-LtOoTycVHXD-kxcuoOMSr5ohxxktw"", ""Path"": ""top14-p5/gaoyuanshanchun/frames/00069-0002.jpg"", ""video_url"": ""None"", ""video_path"": ""top14-p5/gaoyuanshanchun/videos/00069.AVI""}","通过质检","一场游戏  一场梦","2021-07-02 09:50:29.0","是","","{""tags"":[],""objects"":[{""type"":""image/rect"",""data"":[{""x"":222.34,""y"":624.35},{""x"":388.77,""y"":624.35},{""x"":388.77,""y"":754.04},{""x"":222.34,""y"":754.04}],""tags"":[{""name"":""物体检测试标"",""label"":""多选"",""value"":[""目标类别物体出现比例-全部出现""]}],""featureId"":""feature-qjwB65yn"",""color"":""#2D8CF0"",""name"":""RGB图片""},{""type"":""image/rect"",""data"":[{""x"":731.36,""y"":560.59},{""x"":848.07,""y"":560.59},{""x"":848.07,""y"":715.13},{""x"":731.36,""y"":715.13}],""tags"":[{""name"":""物体检测试标"",""label"":""多选"",""value"":[""目标类别物体出现比例-全部出现""]}],""featureId"":""feature-HfsYjMUv"",""color"":""#2D8CF0"",""name"":""RGB图片""},{""type"":""image/rect"",""data"":[{""x"":918.32,""y"":515.2},{""x"":1130.14,""y"":515.2},{""x"":1130.14,""y"":669.74},{""x"":918.32,""y"":669.74}],""tags"":[{""name"":""物体检测试标"",""label"":""多选"",""value"":[""目标类别物体出现比例-全部出现""]}],""featureId"":""feature-g7OQvSgS"",""color"":""#2D8CF0"",""name"":""RGB图片""}]}"
"608017164766228480	","608014706841255955	","{""id"": ""865"", ""tag"": ""高原山鹑"", ""url"": ""https://aidata-1258344706.cos.ap-guangzhou.myqcloud.com/target/resource/607946138525167616/607947458298548243_00069-0003.jpg?q-sign-algorithm=sha1&q-ak=AKIDPgFCR7cik7YIs8SXrCXwa9IrayUdGgsVTHXgvI3H2uFd-JJb9dmETNMRISlGhDyv&q-sign-time=1625113226;1625372426&q-key-time=1625113226;1625372426&q-header-list=&q-url-param-list=&q-signature=0149ca224f1a66aba4fc93c1ccaa006e44cfef2a&x-cos-security-token=K6Q8xOwyR6xmlE4mK84dZ0yf6kRyHr7a3b06f821bd4b748ad73c463ceab4eb97qx3Lnew6f7h5Vle8xLbUxdn2ck6iKkE2UKcrCUJiJlfZlWQXc5IhfU0Tf7aR1LynaTqbCAYzs4jkYgX3f-Vh1Ce5hFj2-Z3s34nmXMaG7ak0XQqZFlrTHeid82GxYCwV2--3KV44cDUcEvJUsGVkwkZZYlnb4dRt9GWzZ7QVC8hsinmwvc66GbvmcxUdnwxJYkANSSJUr5KqURUpumV4s3jBNL0SWJA8wjvoMh4ugsCzeq844yUD4ZfWdx5n0U26FV4i5THNvQ_GQ09yv35GG-o7W3Lrjsprmzq6HmNBJpJYc3cErvNPdQ263zHcuaKXe868R6SU_-yVA_jpuOHW0w"", ""Path"": ""top14-p5/gaoyuanshanchun/frames/00069-0003.jpg"", ""video_url"": ""None"", ""video_path"": ""top14-p5/gaoyuanshanchun/videos/00069.AVI""}","通过质检","一场游戏  一场梦","2021-07-02 09:50:01.0","是","","{""tags"":[],""objects"":[{""type"":""image/rect"",""data"":[{""x"":379.72,""y"":594.86},{""x"":520.47,""y"":594.86},{""x"":520.47,""y"":700.67},{""x"":379.72,""y"":700.67}],""tags"":[{""name"":""物体检测试标"",""label"":""多选"",""value"":[""目标类别物体出现比例-全部出现""]}],""featureId"":""feature-vTl8hVj4"",""color"":""#2D8CF0"",""name"":""RGB图片""},{""type"":""image/rect"",""data"":[{""x"":730.05,""y"":570.2},{""x"":877.99,""y"":570.2},{""x"":877.99,""y"":703.76},{""x"":730.05,""y"":703.76}],""tags"":[{""name"":""物体检测试标"",""label"":""多选"",""value"":[""目标类别物体出现比例-全部出现""]}],""featureId"":""feature-KiU2T54K"",""color"":""#2D8CF0"",""name"":""RGB图片""},{""type"":""image/rect"",""data"":[{""x"":1012.58,""y"":472.6},{""x"":1170.79,""y"":472.6},{""x"":1170.79,""y"":612.32},{""x"":1012.58,""y"":612.32}],""tags"":[{""name"":""物体检测试标"",""label"":""多选"",""value"":[""目标类别物体出现比例-全部出现""]}],""featureId"":""feature-S2sRLFDi"",""color"":""#2D8CF0"",""name"":""RGB图片""}]}"
"608017164766228480	","608014706841255956	","{""id"": ""866"", ""tag"": ""高原山鹑"", ""url"": ""https://aidata-1258344706.cos.ap-guangzhou.myqcloud.com/target/resource/607946138525167616/607947458298548244_00069-0004.jpg?q-sign-algorithm=sha1&q-ak=AKIDbGPsrWnl1hfYHaZ7PJCDGpMjlaEPzcdLj8qUf7S6tvzbBSlFGygGrKHOQETqkQml&q-sign-time=1625113226;1625372426&q-key-time=1625113226;1625372426&q-header-list=&q-url-param-list=&q-signature=84e8024bdb6499870c318f46d93a522ff63af361&x-cos-security-token=K6Q8xOwyR6xmlE4mK84dZ0yf6kRyHr7a1a2126a5465b01f9e629ece9d5e40f9dqx3Lnew6f7h5Vle8xLbUxdn2ck6iKkE2UKcrCUJiJlfZlWQXc5IhfU0Tf7aR1LynaTqbCAYzs4jkYgX3f-Vh1Ce5hFj2-Z3s34nmXMaG7ak0XQqZFlrTHeid82GxYCwV2--3KV44cDUcEvJUsGVkwkZZYlnb4dRt9GWzZ7QVC8hsinmwvc66GbvmcxUdnwxJYkANSSJUr5KqURUpumV4s3jBNL0SWJA8wjvoMh4ugsCzeq844yUD4ZfWdx5n0U26FV4i5THNvQ_GQ09yv35GG-o7W3Lrjsprmzq6HmNBJpLTj7kfA--n0x8Puma9mRNCBuAilCg1xshvnuLBUGi4LQ"", ""Path"": ""top14-p5/gaoyuanshanchun/frames/00069-0004.jpg"", ""video_url"": ""None"", ""video_path"": ""top14-p5/gaoyuanshanchun/videos/00069.AVI""}","通过质检","一场游戏  一场梦","2021-07-02 09:49:39.0","是","","{""tags"":[],""objects"":[{""type"":""image/rect"",""data"":[{""x"":599.29,""y"":501.93},{""x"":753.55,""y"":501.93},{""x"":753.55,""y"":634.15},{""x"":599.29,""y"":634.15}],""tags"":[{""name"":""物体检测试标"",""label"":""多选"",""value"":[""目标类别物体出现比例-全部出现""]}],""featureId"":""feature-Udkzc00S"",""color"":""#2D8CF0"",""name"":""RGB图片""},{""type"":""image/rect"",""data"":[{""x"":800.63,""y"":534.99},{""x"":904.8,""y"":534.99},{""x"":904.8,""y"":666.21},{""x"":800.63,""y"":666.21}],""tags"":[{""name"":""物体检测试标"",""label"":""多选"",""value"":[""目标类别物体出现比例-全部出现""]}],""featureId"":""feature-b6fcDkvi"",""color"":""#2D8CF0"",""name"":""RGB图片""},{""type"":""image/rect"",""data"":[{""x"":1066.08,""y"":450.74},{""x"":1183.27,""y"":450.74},{""x"":1183.27,""y"":581.96},{""x"":1066.08,""y"":581.96}],""tags"":[{""name"":""物体检测试标"",""label"":""多选"",""value"":[""目标类别物体出现比例-全部出现""]}],""featureId"":""feature-6hZ3Bwlu"",""color"":""#2D8CF0"",""name"":""RGB图片""}]}"
"608017164766228480	","608014706841255957	","{""id"": ""867"", ""tag"": ""高原山鹑"", ""url"": ""https://aidata-1258344706.cos.ap-guangzhou.myqcloud.com/target/resource/607946138525167616/607947458298548245_00069-0005.jpg?q-sign-algorithm=sha1&q-ak=AKIDbGuNa50vvBrjkhndCYe5LhmvxAogWUeqmtB2ItjL4bHAqCoFwR9HKDCU8B_XVott&q-sign-time=1625113226;1625372426&q-key-time=1625113226;1625372426&q-header-list=&q-url-param-list=&q-signature=6331af400d0bebcd39439a4e878396a3ca87bb01&x-cos-security-token=K6Q8xOwyR6xmlE4mK84dZ0yf6kRyHr7a3dd5ffb6c612124548a4996732b620dfqx3Lnew6f7h5Vle8xLbUxdn2ck6iKkE2UKcrCUJiJlfZlWQXc5IhfU0Tf7aR1LynaTqbCAYzs4jkYgX3f-Vh1Ce5hFj2-Z3s34nmXMaG7ak0XQqZFlrTHeid82GxYCwV2--3KV44cDUcEvJUsGVkwkZZYlnb4dRt9GWzZ7QVC8hsinmwvc66GbvmcxUdnwxJYkANSSJUr5KqURUpumV4s3jBNL0SWJA8wjvoMh4ugsCzeq844yUD4ZfWdx5n0U26FV4i5THNvQ_GQ09yv35GG-o7W3Lrjsprmzq6HmNBJpIE8YWUG3c3GFr3NXhcFDGdBMzWwsRklwEtCa_uEa5MuA"", ""Path"": ""top14-p5/gaoyuanshanchun/frames/00069-0005.jpg"", ""video_url"": ""None"", ""video_path"": ""top14-p5/gaoyuanshanchun/videos/00069.AVI""}","通过质检","一场游戏  一场梦","2021-07-02 09:49:08.0","是","","{""tags"":[],""objects"":[{""type"":""image/rect"",""data"":[{""x"":772.81,""y"":478.15},{""x"":913.56,""y"":478.15},{""x"":913.56,""y"":564.45},{""x"":772.81,""y"":564.45}],""tags"":[{""name"":""物体检测试标"",""label"":""多选"",""value"":[""目标类别物体出现比例-全部出现""]}],""featureId"":""feature-GcnDwzBb"",""color"":""#2D8CF0"",""name"":""RGB图片""},{""type"":""image/rect"",""data"":[{""x"":796.44,""y"":548.01},{""x"":900.21,""y"":548.01},{""x"":900.21,""y"":661.02},{""x"":796.44,""y"":661.02}],""tags"":[{""name"":""物体检测试标"",""label"":""多选"",""value"":[""目标类别物体出现比例-全部出现""]}],""featureId"":""feature-B8hOs7Wc"",""color"":""#2D8CF0"",""name"":""RGB图片""},{""type"":""image/rect"",""data"":[{""x"":1103.63,""y"":419.59},{""x"":1304.99,""y"":419.59},{""x"":1304.99,""y"":533.63},{""x"":1103.63,""y"":533.63}],""tags"":[{""name"":""物体检测试标"",""label"":""多选"",""value"":[""目标类别物体出现比例-全部出现""]}],""featureId"":""feature-0L4a5qti"",""color"":""#2D8CF0"",""name"":""RGB图片""}]}"
"608017164766228480	","608014706841255958	","{""id"": ""868"", ""tag"": ""高原山鹑"", ""url"": ""https://aidata-1258344706.cos.ap-guangzhou.myqcloud.com/target/resource/607946138525167616/607947458298548246_00069-0006.jpg?q-sign-algorithm=sha1&q-ak=AKIDtYwUZE2sO-sok51p3fopoLoe47ipOJpbTtBFUUsy3L-UQxFaCjhNjPtU2MOSUU7w&q-sign-time=1625113226;1625372426&q-key-time=1625113226;1625372426&q-header-list=&q-url-param-list=&q-signature=77004efe665f37605fe5483cac6aa31c58cbc821&x-cos-security-token=K6Q8xOwyR6xmlE4mK84dZ0yf6kRyHr7ab24b95e638a7116630748d149f069a95qx3Lnew6f7h5Vle8xLbUxdn2ck6iKkE2UKcrCUJiJlfZlWQXc5IhfU0Tf7aR1LynaTqbCAYzs4jkYgX3f-Vh1Ce5hFj2-Z3s34nmXMaG7ak0XQqZFlrTHeid82GxYCwV2--3KV44cDUcEvJUsGVkwkZZYlnb4dRt9GWzZ7QVC8hsinmwvc66GbvmcxUdnwxJYkANSSJUr5KqURUpumV4s3jBNL0SWJA8wjvoMh4ugsCzeq844yUD4ZfWdx5n0U26FV4i5THNvQ_GQ09yv35GG-o7W3Lrjsprmzq6HmNBJpLbKfTVJQjS6Bb7dhQNeMJlz0sFm7n6i3s4ASINPojJ6A"", ""Path"": ""top14-p5/gaoyuanshanchun/frames/00069-0006.jpg"", ""video_url"": ""None"", ""video_path"": ""top14-p5/gaoyuanshanchun/videos/00069.AVI""}","通过质检","一场游戏  一场梦","2021-07-02 09:48:36.0","是","","{""tags"":[],""objects"":[{""type"":""image/rect"",""data"":[{""x"":7.3,""y"":727.31},{""x"":110.47,""y"":727.31},{""x"":110.47,""y"":807.44},{""x"":7.3,""y"":807.44}],""tags"":[{""name"":""物体检测试标"",""label"":""多选"",""value"":[""目标类别物体出现比例-全部出现""]}],""featureId"":""feature-XgPuKfWF"",""color"":""#2D8CF0"",""name"":""RGB图片""},{""type"":""image/rect"",""data"":[{""x"":807.64,""y"":541},{""x"":900.8,""y"":541},{""x"":900.8,""y"":661.2},{""x"":807.64,""y"":661.2}],""tags"":[{""name"":""物体检测试标"",""label"":""多选"",""value"":[""目标类别物体出现比例-全部出现""]}],""featureId"":""feature-zoTrkm9Z"",""color"":""#2D8CF0"",""name"":""RGB图片""},{""type"":""image/rect"",""data"":[{""x"":802.63,""y"":472.88},{""x"":941.87,""y"":472.88},{""x"":941.87,""y"":550.01},{""x"":802.63,""y"":550.01}],""tags"":[{""name"":""物体检测试标"",""label"":""多选"",""value"":[""目标类别物体出现比例-全部出现""]}],""featureId"":""feature-9yVoJKpa"",""color"":""#2D8CF0"",""name"":""RGB图片""},{""type"":""image/rect"",""data"":[{""x"":1165.24,""y"":411.78},{""x"":1326.51,""y"":411.78},{""x"":1326.51,""y"":528.98},{""x"":1165.24,""y"":528.98}],""tags"":[{""name"":""物体检测试标"",""label"":""多选"",""value"":[""目标类别物体出现比例-全部出现""]}],""featureId"":""feature-kP0625UA"",""color"":""#2D8CF0"",""name"":""RGB图片""}]}"
"608017164766228480	","608014706841255959	","{""id"": ""869"", ""tag"": ""高原山鹑"", ""url"": ""https://aidata-1258344706.cos.ap-guangzhou.myqcloud.com/target/resource/607946138525167616/607947458298548247_00069-0007.jpg?q-sign-algorithm=sha1&q-ak=AKIDDpw3uwZvkBCBX16cwj36A1hJj8GdsouL9Rq29X5QSnkuB29c4GwYn7HrNPTZkLol&q-sign-time=1625113226;1625372426&q-key-time=1625113226;1625372426&q-header-list=&q-url-param-list=&q-signature=ccbb7dd0d6c592234ce15c8941197b701e25f8df&x-cos-security-token=f8R33Ych2nIgnJWU0fO2jYYseUjEYY2a749f015e9bcc33b66df80b9f69c2291dVaC13eq7yKcvisbvjeGoDCZs5S8TZgh16VhyU04WXQXOYyfCKnd5Z9zoPS6fBgweHhrijdJGp2oDr_9ZX43ofS6B1oJnU_yslGGFCX8707fplH3pDhirj3oYawmKIFbPBLJ3md_Hi515HcM-Ux1DdznvSW2vCH0zlOB2JL5jgPMZZT6SnJn9RCLAp8Vam9TgQdLIb73YU3sd-Ev3z_2Wmr05h2V1VlgLHMs4uKT9lZ90d6mVe2IN0AwkmMtVB_UXPiXY-YCfuR1YUcVRTKV2N2vkpnXBlgM13czgGHj1a-MLNUkwINN9NHz_KK1dsn3ONKvIt5Sy2Bwgk7hgUpi1lA"", ""Path"": ""top14-p5/gaoyuanshanchun/frames/00069-0007.jpg"", ""video_url"": ""None"", ""video_path"": ""top14-p5/gaoyuanshanchun/videos/00069.AVI""}","通过质检","一场游戏  一场梦","2021-07-02 09:48:03.0","是","","{""tags"":[],""objects"":[{""type"":""image/rect"",""data"":[{""x"":-0.63,""y"":542.19},{""x"":316.02,""y"":542.19},{""x"":316.02,""y"":1079.31},{""x"":-0.63,""y"":1079.31}],""tags"":[{""name"":""物体检测试标"",""label"":""多选"",""value"":[""目标类别物体出现比例-部分出现""]}],""featureId"":""feature-wrVBjtyE"",""color"":""#2D8CF0"",""name"":""RGB图片""},{""type"":""image/rect"",""data"":[{""x"":1156.82,""y"":426.55},{""x"":1295.15,""y"":426.55},{""x"":1295.15,""y"":506.53},{""x"":1156.82,""y"":506.53}],""tags"":[{""name"":""物体检测试标"",""label"":""多选"",""value"":[""目标类别物体出现比例-全部出现""]}],""featureId"":""feature-OXLX9jRA"",""color"":""#2D8CF0"",""name"":""RGB图片""},{""type"":""image/rect"",""data"":[{""x"":836.93,""y"":464.38},{""x"":977.42,""y"":464.38},{""x"":977.42,""y"":546.51},{""x"":836.93,""y"":546.51}],""tags"":[{""name"":""物体检测试标"",""label"":""多选"",""value"":[""目标类别物体出现比例-全部出现""]}],""featureId"":""feature-1OWPIHvH"",""color"":""#2D8CF0"",""name"":""RGB图片""},{""type"":""image/rect"",""data"":[{""x"":804.51,""y"":541.11},{""x"":905.01,""y"":541.11},{""x"":905.01,""y"":654.58},{""x"":804.51,""y"":654.58}],""tags"":[{""name"":""物体检测试标"",""label"":""多选"",""value"":[""目标类别物体出现比例-全部出现""]}],""featureId"":""feature-nUtFsbEv"",""color"":""#2D8CF0"",""name"":""RGB图片""}]}"
"608017164766228480	","608014706841255960	","{""id"": ""870"", ""tag"": ""高原山鹑"", ""url"": ""https://aidata-1258344706.cos.ap-guangzhou.myqcloud.com/target/resource/607946138525167616/607947458298548248_00069-0008.jpg?q-sign-algorithm=sha1&q-ak=AKIDxwec1muU1LtVQ1PSrzxZZsJFYfYBENujgdm0gxt1x7emKchD9W-aL0EnlPlzzB64&q-sign-time=1625113226;1625372426&q-key-time=1625113226;1625372426&q-header-list=&q-url-param-list=&q-signature=c8e9e4915a26afec4c431c4da2f98b4481e2b1a9&x-cos-security-token=K6Q8xOwyR6xmlE4mK84dZ0yf6kRyHr7ad0d692a5397b9da49b7e83794aba72caqx3Lnew6f7h5Vle8xLbUxdn2ck6iKkE2UKcrCUJiJlfZlWQXc5IhfU0Tf7aR1LynaTqbCAYzs4jkYgX3f-Vh1Ce5hFj2-Z3s34nmXMaG7ak0XQqZFlrTHeid82GxYCwV2--3KV44cDUcEvJUsGVkwkZZYlnb4dRt9GWzZ7QVC8hsinmwvc66GbvmcxUdnwxJYkANSSJUr5KqURUpumV4s3jBNL0SWJA8wjvoMh4ugsCzeq844yUD4ZfWdx5n0U26FV4i5THNvQ_GQ09yv35GG-o7W3Lrjsprmzq6HmNBJpKVRjNW86M_3lQ_GH_2IU4817dcyak14I7FfKIeqJTNHQ"", ""Path"": ""top14-p5/gaoyuanshanchun/frames/00069-0008.jpg"", ""video_url"": ""None"", ""video_path"": ""top14-p5/gaoyuanshanchun/videos/00069.AVI""}","通过质检","一场游戏  一场梦","2021-07-02 09:47:25.0","是","","{""tags"":[],""objects"":[{""type"":""image/rect"",""data"":[{""x"":814.65,""y"":542},{""x"":876.76,""y"":542},{""x"":876.76,""y"":619.13},{""x"":814.65,""y"":619.13}],""tags"":[{""name"":""物体检测试标"",""label"":""多选"",""value"":[""目标类别物体出现比例-全部出现""]}],""featureId"":""feature-cIXKi6mT"",""color"":""#2D8CF0"",""name"":""RGB图片""},{""type"":""image/rect"",""data"":[{""x"":106.47,""y"":690.25},{""x"":201.63,""y"":690.25},{""x"":201.63,""y"":758.36},{""x"":106.47,""y"":758.36}],""tags"":[{""name"":""物体检测试标"",""label"":""多选"",""value"":[""目标类别物体出现比例-全部出现""]}],""featureId"":""feature-GE1YVRjN"",""color"":""#2D8CF0"",""name"":""RGB图片""},{""type"":""image/rect"",""data"":[{""x"":363.38,""y"":-0.14},{""x"":1439.62,""y"":-0.14},{""x"":1439.62,""y"":1079},{""x"":363.38,""y"":1079}],""tags"":[{""name"":""物体检测试标"",""label"":""多选"",""value"":[""目标类别物体出现比例-部分出现""]}],""featureId"":""feature-q1iZqUct"",""color"":""#2D8CF0"",""name"":""RGB图片""}]}"
"608017164766228480	","608014706841255961	","{""id"": ""871"", ""tag"": ""高原山鹑"", ""url"": ""https://aidata-1258344706.cos.ap-guangzhou.myqcloud.com/target/resource/607946138525167616/607947458298548249_00069-0009.jpg?q-sign-algorithm=sha1&q-ak=AKIDC-xPBDT2azmhpTvF6p3zbiA_flvlDG_nW29x7Uy6m8ebv0xARP5H0CGwWJJjA2AY&q-sign-time=1625113226;1625372426&q-key-time=1625113226;1625372426&q-header-list=&q-url-param-list=&q-signature=e852df39def9699fde22362c183b3682113c7785&x-cos-security-token=jmCCFCZ07AWjN0xvNlUPyP0mQYfzOAHa65c7d7a893db67248821f62ed7e3fe370z2hQp1bEqLwIwCjaPDubAYWOpKs3j8VnJv1I4eVPlP-BaAFxjiomO4benvs_d_7HbcJdH5i-nOup100UjYHCzUOQ8q95Optr-uzq9Oww_IB4jrqlUu7GOlhb4xWqxnGKaUqOzpVa_S141oupCWRuoEWuIyHWU8G6ZG5gVxUNIaKz7S3hsnr4_JgOp6M6pxY7-_qnABbG0AXBgvX1Fb_xQlDdWDDy9R_s0dZR_dJUkJ4UnD3neAa4vOPe8uL8ium7rzwPyvGqtZ96tXFWuauhBvOE8rWuasJAW4q3r-zIFNdZLPClnoYHtCffumDLdV1kaRpzqhm9oUIrIqoabdL6A"", ""Path"": ""top14-p5/gaoyuanshanchun/frames/00069-0009.jpg"", ""video_url"": ""None"", ""video_path"": ""top14-p5/gaoyuanshanchun/videos/00069.AVI""}","通过质检","一场游戏  一场梦","2021-07-02 09:46:57.0","是","","{""tags"":[],""objects"":[{""type"":""image/rect"",""data"":[{""x"":952.6,""y"":436.37},{""x"":1061.12,""y"":436.37},{""x"":1061.12,""y"":523.72},{""x"":952.6,""y"":523.72}],""tags"":[{""name"":""物体检测试标"",""label"":""多选"",""value"":[""目标类别物体出现比例-全部出现""]}],""featureId"":""feature-EvjKPQ4F"",""color"":""#2D8CF0"",""name"":""RGB图片""},{""type"":""image/rect"",""data"":[{""x"":1120.67,""y"":422.05},{""x"":1299.09,""y"":422.05},{""x"":1299.09,""y"":518.42},{""x"":1120.67,""y"":518.42}],""tags"":[{""name"":""物体检测试标"",""label"":""多选"",""value"":[""目标类别物体出现比例-全部出现""]}],""featureId"":""feature-7bQryUwE"",""color"":""#2D8CF0"",""name"":""RGB图片""},{""type"":""image/rect"",""data"":[{""x"":41.67,""y"":1.19},{""x"":1440.19,""y"":1.19},{""x"":1440.19,""y"":1078.26},{""x"":41.67,""y"":1078.26}],""tags"":[{""name"":""物体检测试标"",""label"":""多选"",""value"":[""目标类别物体出现比例-部分出现""]}],""featureId"":""feature-aimY0NjK"",""color"":""#2D8CF0"",""name"":""RGB图片""}]}"
"608017164766228480	","608014706841255962	","{""id"": ""872"", ""tag"": ""高原山鹑"", ""url"": ""https://aidata-1258344706.cos.ap-guangzhou.myqcloud.com/target/resource/607946138525167616/607947458298548250_00069-0010.jpg?q-sign-algorithm=sha1&q-ak=AKID1GEhz9iPpPtoxfZ9EJRRQvyU3UruR7A8quyau_F3oi1WpaDQXLWQBQ-5wKsrKMHF&q-sign-time=1625113226;1625372426&q-key-time=1625113226;1625372426&q-header-list=&q-url-param-list=&q-signature=15d96dc66272f54c74cfcbb98517793fb5bd526f&x-cos-security-token=K6Q8xOwyR6xmlE4mK84dZ0yf6kRyHr7a31c01764cc7b8372bd8bb8cbb7243dd6qx3Lnew6f7h5Vle8xLbUxdn2ck6iKkE2UKcrCUJiJlfZlWQXc5IhfU0Tf7aR1LynaTqbCAYzs4jkYgX3f-Vh1Ce5hFj2-Z3s34nmXMaG7ak0XQqZFlrTHeid82GxYCwV2--3KV44cDUcEvJUsGVkwkZZYlnb4dRt9GWzZ7QVC8hsinmwvc66GbvmcxUdnwxJYkANSSJUr5KqURUpumV4s3jBNL0SWJA8wjvoMh4ugsCzeq844yUD4ZfWdx5n0U26FV4i5THNvQ_GQ09yv35GG-o7W3Lrjsprmzq6HmNBJpIrGvaX2WsU9oRi94mUOwyEvczpe-jYzbwR5P55KS3Wpg"", ""Path"": ""top14-p5/gaoyuanshanchun/frames/00069-0010.jpg"", ""video_url"": ""None"", ""video_path"": ""top14-p5/gaoyuanshanchun/videos/00069.AVI""}","通过质检","一场游戏  一场梦","2021-07-02 09:46:15.0","是","","{""tags"":[],""objects"":[{""type"":""image/rect"",""data"":[{""x"":213.65,""y"":653.18},{""x"":293.78,""y"":653.18},{""x"":293.78,""y"":720.3},{""x"":213.65,""y"":720.3}],""tags"":[{""name"":""物体检测试标"",""label"":""多选"",""value"":[""目标类别物体出现比例-全部出现""]}],""featureId"":""feature-BsLmCSfS"",""color"":""#2D8CF0"",""name"":""RGB图片""},{""type"":""image/rect"",""data"":[{""x"":825.77,""y"":512.25},{""x"":964.11,""y"":512.25},{""x"":964.11,""y"":615.99},{""x"":825.77,""y"":615.99}],""tags"":[{""name"":""物体检测试标"",""label"":""多选"",""value"":[""目标类别物体出现比例-全部出现""]}],""featureId"":""feature-6SfWKnRs"",""color"":""#2D8CF0"",""name"":""RGB图片""},{""type"":""image/rect"",""data"":[{""x"":1160.8,""y"":436.59},{""x"":1271.03,""y"":436.59},{""x"":1271.03,""y"":505.76},{""x"":1160.8,""y"":505.76}],""tags"":[{""name"":""物体检测试标"",""label"":""多选"",""value"":[""目标类别物体出现比例-部分出现""]}],""featureId"":""feature-A7fIITyK"",""color"":""#2D8CF0"",""name"":""RGB图片""},{""type"":""image/rect"",""data"":[{""x"":1202.95,""y"":423.63},{""x"":1335.87,""y"":423.63},{""x"":1335.87,""y"":517.65},{""x"":1202.95,""y"":517.65}],""tags"":[{""name"":""物体检测试标"",""label"":""多选"",""value"":[""目标类别物体出现比例-全部出现""]}],""featureId"":""feature-NVZBxxoh"",""color"":""#2D8CF0"",""name"":""RGB图片""}]}"
"608017164766228480	","608014706841255963	","{""id"": ""873"", ""tag"": ""高原山鹑"", ""url"": ""https://aidata-1258344706.cos.ap-guangzhou.myqcloud.com/target/resource/607946138525167616/607947458298548251_00069-0011.jpg?q-sign-algorithm=sha1&q-ak=AKIDN7hUlUMg2QZVi1od5HS-4cuthXukFvlHjdu54wwwyKlGWJLTgN1VJfQBJq_Rd9aZ&q-sign-time=1625113226;1625372426&q-key-time=1625113226;1625372426&q-header-list=&q-url-param-list=&q-signature=611c28f5879fcc66f110951a0eb84e7ddb194892&x-cos-security-token=f8R33Ych2nIgnJWU0fO2jYYseUjEYY2aacf4606e56e0b577b801c12ab7678a0cVaC13eq7yKcvisbvjeGoDCZs5S8TZgh16VhyU04WXQXOYyfCKnd5Z9zoPS6fBgweHhrijdJGp2oDr_9ZX43ofS6B1oJnU_yslGGFCX8707fplH3pDhirj3oYawmKIFbPBLJ3md_Hi515HcM-Ux1DdznvSW2vCH0zlOB2JL5jgPMZZT6SnJn9RCLAp8Vam9TgQdLIb73YU3sd-Ev3z_2Wmr05h2V1VlgLHMs4uKT9lZ90d6mVe2IN0AwkmMtVB_UXPiXY-YCfuR1YUcVRTKV2N2vkpnXBlgM13czgGHj1a-Na46HGr5RlkRNjITvmvo1ecoE_Kl4xmiQ9j5w6Oai6hQ"", ""Path"": ""top14-p5/gaoyuanshanchun/frames/00069-0011.jpg"", ""video_url"": ""None"", ""video_path"": ""top14-p5/gaoyuanshanchun/videos/00069.AVI""}","通过质检","一场游戏  一场梦","2021-07-02 09:45:46.0","是","","{""tags"":[],""objects"":[{""type"":""image/rect"",""data"":[{""x"":358.89,""y"":621.13},{""x"":487.1,""y"":621.13},{""x"":487.1,""y"":703.27},{""x"":358.89,""y"":703.27}],""tags"":[{""name"":""物体检测试标"",""label"":""多选"",""value"":[""目标类别物体出现比例-全部出现""]}],""featureId"":""feature-dkqLjLbs"",""color"":""#2D8CF0"",""name"":""RGB图片""},{""type"":""image/rect"",""data"":[{""x"":894.79,""y"":485.9},{""x"":1029.01,""y"":485.9},{""x"":1029.01,""y"":585.07},{""x"":894.79,""y"":585.07}],""tags"":[{""name"":""物体检测试标"",""label"":""多选"",""value"":[""目标类别物体出现比例-全部出现""]}],""featureId"":""feature-ZOxgtxMe"",""color"":""#2D8CF0"",""name"":""RGB图片""},{""type"":""image/rect"",""data"":[{""x"":1145.21,""y"":430.81},{""x"":1251.39,""y"":430.81},{""x"":1251.39,""y"":521.96},{""x"":1145.21,""y"":521.96}],""tags"":[{""name"":""物体检测试标"",""label"":""多选"",""value"":[""目标类别物体出现比例-全部出现""]}],""featureId"":""feature-eA9xpbMj"",""color"":""#2D8CF0"",""name"":""RGB图片""},{""type"":""image/rect"",""data"":[{""x"":1207.31,""y"":415.79},{""x"":1330.52,""y"":415.79},{""x"":1330.52,""y"":518.96},{""x"":1207.31,""y"":518.96}],""tags"":[{""name"":""物体检测试标"",""label"":""多选"",""value"":[""目标类别物体出现比例-全部出现""]}],""featureId"":""feature-ewbP3MEW"",""color"":""#2D8CF0"",""name"":""RGB图片""}]}"
"608017164766228480	","608014706841255964	","{""id"": ""874"", ""tag"": ""高原山鹑"", ""url"": ""https://aidata-1258344706.cos.ap-guangzhou.myqcloud.com/target/resource/607946138525167616/607947458298548252_00069-0012.jpg?q-sign-algorithm=sha1&q-ak=AKIDNWF_jjBhR9pd0p9dzqIplF5gu9U8upCpCUfjNXJsbA7pd9HODrHrZyRijue6N8ah&q-sign-time=1625113226;1625372426&q-key-time=1625113226;1625372426&q-header-list=&q-url-param-list=&q-signature=0eef792a9d78387125a0a6ad74d09ee475bf1afa&x-cos-security-token=K6Q8xOwyR6xmlE4mK84dZ0yf6kRyHr7a9bc99eaf7d517a7f67f7c8ce190baefbqx3Lnew6f7h5Vle8xLbUxdn2ck6iKkE2UKcrCUJiJlfZlWQXc5IhfU0Tf7aR1LynaTqbCAYzs4jkYgX3f-Vh1Ce5hFj2-Z3s34nmXMaG7ak0XQqZFlrTHeid82GxYCwV2--3KV44cDUcEvJUsGVkwkZZYlnb4dRt9GWzZ7QVC8hsinmwvc66GbvmcxUdnwxJYkANSSJUr5KqURUpumV4s3jBNL0SWJA8wjvoMh4ugsCzeq844yUD4ZfWdx5n0U26FV4i5THNvQ_GQ09yv35GG-o7W3Lrjsprmzq6HmNBJpIZDS5LAeQaXGLTMcBhglCuQHHpyzoeG3MsaGNonRDEVw"", ""Path"": ""top14-p5/gaoyuanshanchun/frames/00069-0012.jpg"", ""video_url"": ""None"", ""video_path"": ""top14-p5/gaoyuanshanchun/videos/00069.AVI""}","通过质检","一场游戏  一场梦","2021-07-02 09:45:17.0","是","","{""tags"":[],""objects"":[{""type"":""image/rect"",""data"":[{""x"":0.29,""y"":674.22},{""x"":328.84,""y"":674.22},{""x"":328.84,""y"":1079.9},{""x"":0.29,""y"":1079.9}],""tags"":[{""name"":""物体检测试标"",""label"":""多选"",""value"":[""目标类别物体出现比例-全部出现""]}],""featureId"":""feature-NvqriVDX"",""color"":""#2D8CF0"",""name"":""RGB图片""},{""type"":""image/rect"",""data"":[{""x"":503.13,""y"":593.08},{""x"":591.28,""y"":593.08},{""x"":591.28,""y"":658.19},{""x"":503.13,""y"":658.19}],""tags"":[{""name"":""物体检测试标"",""label"":""多选"",""value"":[""目标类别物体出现比例-全部出现""]}],""featureId"":""feature-g9gc16S8"",""color"":""#2D8CF0"",""name"":""RGB图片""},{""type"":""image/rect"",""data"":[{""x"":902.8,""y"":461.86},{""x"":1060.07,""y"":461.86},{""x"":1060.07,""y"":579.06},{""x"":902.8,""y"":579.06}],""tags"":[{""name"":""物体检测试标"",""label"":""多选"",""value"":[""目标类别物体出现比例-全部出现""]}],""featureId"":""feature-Ow0fsv7I"",""color"":""#2D8CF0"",""name"":""RGB图片""},{""type"":""image/rect"",""data"":[{""x"":1215.33,""y"":412.78},{""x"":1326.51,""y"":412.78},{""x"":1326.51,""y"":515.95},{""x"":1215.33,""y"":515.95}],""tags"":[{""name"":""物体检测试标"",""label"":""多选"",""value"":[""目标类别物体出现比例-全部出现""]}],""featureId"":""feature-lenNHtMt"",""color"":""#2D8CF0"",""name"":""RGB图片""},{""type"":""image/rect"",""data"":[{""x"":1146.21,""y"":435.82},{""x"":1242.37,""y"":435.82},{""x"":1242.37,""y"":518.96},{""x"":1146.21,""y"":518.96}],""tags"":[{""name"":""物体检测试标"",""label"":""多选"",""value"":[""目标类别物体出现比例-全部出现""]}],""featureId"":""feature-mXuA4eHS"",""color"":""#2D8CF0"",""name"":""RGB图片""}]}"
"608017164766228480	","608014706841255965	","{""id"": ""875"", ""tag"": ""高原山鹑"", ""url"": ""https://aidata-1258344706.cos.ap-guangzhou.myqcloud.com/target/resource/607946138525167616/607947458298548253_00069-0013.jpg?q-sign-algorithm=sha1&q-ak=AKIDa-mu9klSysGDUCc1x1-o_Jny9Z5fDSvGBJRdclYOpciE9HoTZvsxA2Pr0SXGgOh_&q-sign-time=1625113226;1625372426&q-key-time=1625113226;1625372426&q-header-list=&q-url-param-list=&q-signature=df06ec49ae811b3154772a7cfafb656902ad8e58&x-cos-security-token=K6Q8xOwyR6xmlE4mK84dZ0yf6kRyHr7a710c3dc6b37799cbb364fd5cd2b9b1daqx3Lnew6f7h5Vle8xLbUxdn2ck6iKkE2UKcrCUJiJlfZlWQXc5IhfU0Tf7aR1LynaTqbCAYzs4jkYgX3f-Vh1Ce5hFj2-Z3s34nmXMaG7ak0XQqZFlrTHeid82GxYCwV2--3KV44cDUcEvJUsGVkwkZZYlnb4dRt9GWzZ7QVC8hsinmwvc66GbvmcxUdnwxJYkANSSJUr5KqURUpumV4s3jBNL0SWJA8wjvoMh4ugsCzeq844yUD4ZfWdx5n0U26FV4i5THNvQ_GQ09yv35GG-o7W3Lrjsprmzq6HmNBJpLUgPseZoeHROemUi3w7yFtKC3klmKvLDMpiIdl8c6s6A"", ""Path"": ""top14-p5/gaoyuanshanchun/frames/00069-0013.jpg"", ""video_url"": ""None"", ""video_path"": ""top14-p5/gaoyuanshanchun/videos/00069.AVI""}","通过质检","一场游戏  一场梦","2021-07-02 09:44:45.0","是","","{""tags"":[],""objects"":[{""type"":""image/rect"",""data"":[{""x"":509.14,""y"":592.08},{""x"":593.28,""y"":592.08},{""x"":593.28,""y"":668.21},{""x"":509.14,""y"":668.21}],""tags"":[{""name"":""物体检测试标"",""label"":""多选"",""value"":[""目标类别物体出现比例-全部出现""]}],""featureId"":""feature-E1YzVsLk"",""color"":""#2D8CF0"",""name"":""RGB图片""},{""type"":""image/rect"",""data"":[{""x"":1203.31,""y"":408.78},{""x"":1317.5,""y"":408.78},{""x"":1317.5,""y"":502.93},{""x"":1203.31,""y"":502.93}],""tags"":[{""name"":""物体检测试标"",""label"":""多选"",""value"":[""目标类别物体出现比例-全部出现""]}],""featureId"":""feature-epcccW5y"",""color"":""#2D8CF0"",""name"":""RGB图片""},{""type"":""image/rect"",""data"":[{""x"":1148.21,""y"":427.81},{""x"":1263.41,""y"":427.81},{""x"":1263.41,""y"":512.95},{""x"":1148.21,""y"":512.95}],""tags"":[{""name"":""物体检测试标"",""label"":""多选"",""value"":[""目标类别物体出现比例-全部出现""]}],""featureId"":""feature-hzIF9PLI"",""color"":""#2D8CF0"",""name"":""RGB图片""}]}"
"608017164766228480	","608014706841255966	","{""id"": ""876"", ""tag"": ""高原山鹑"", ""url"": ""https://aidata-1258344706.cos.ap-guangzhou.myqcloud.com/target/resource/607946138525167616/607947458298548254_00069-0014.jpg?q-sign-algorithm=sha1&q-ak=AKIDueaKDUbwgYcbMyTyTAq0cb1HUzVNtlrbCT2gwAEmfzxNdcbfY5G_y15n_Xvb8Y98&q-sign-time=1625113226;1625372426&q-key-time=1625113226;1625372426&q-header-list=&q-url-param-list=&q-signature=909c76ca30e739f4f75f48fddd611fedb70aa2de&x-cos-security-token=f8R33Ych2nIgnJWU0fO2jYYseUjEYY2a302f3f8753dfde8659c4202db62bc770VaC13eq7yKcvisbvjeGoDCZs5S8TZgh16VhyU04WXQXOYyfCKnd5Z9zoPS6fBgweHhrijdJGp2oDr_9ZX43ofS6B1oJnU_yslGGFCX8707fplH3pDhirj3oYawmKIFbPBLJ3md_Hi515HcM-Ux1DdznvSW2vCH0zlOB2JL5jgPMZZT6SnJn9RCLAp8Vam9TgQdLIb73YU3sd-Ev3z_2Wmr05h2V1VlgLHMs4uKT9lZ90d6mVe2IN0AwkmMtVB_UXPiXY-YCfuR1YUcVRTKV2N2vkpnXBlgM13czgGHj1a-MTlhOPlZ18iyH09h0SyrlvLmAY2xw3VKMLEHf61FeL-A"", ""Path"": ""top14-p5/gaoyuanshanchun/frames/00069-0014.jpg"", ""video_url"": ""None"", ""video_path"": ""top14-p5/gaoyuanshanchun/videos/00069.AVI""}","通过质检","一场游戏  一场梦","2021-07-02 09:44:16.0","是","","{""tags"":[],""objects"":[{""type"":""image/rect"",""data"":[{""x"":508.14,""y"":582.07},{""x"":615.32,""y"":582.07},{""x"":615.32,""y"":656.19},{""x"":508.14,""y"":656.19}],""tags"":[{""name"":""物体检测试标"",""label"":""多选"",""value"":[""目标类别物体出现比例-全部出现""]}],""featureId"":""feature-UK6ZO6S0"",""color"":""#2D8CF0"",""name"":""RGB图片""},{""type"":""image/rect"",""data"":[{""x"":1134.19,""y"":353.68},{""x"":1206.31,""y"":353.68},{""x"":1206.31,""y"":441.83},{""x"":1134.19,""y"":441.83}],""tags"":[{""name"":""物体检测试标"",""label"":""多选"",""value"":[""目标类别物体出现比例-全部出现""]}],""featureId"":""feature-44nNC4PA"",""color"":""#2D8CF0"",""name"":""RGB图片""},{""type"":""image/rect"",""data"":[{""x"":1146.21,""y"":365.7},{""x"":1245.38,""y"":365.7},{""x"":1245.38,""y"":462.87},{""x"":1146.21,""y"":462.87}],""tags"":[{""name"":""物体检测试标"",""label"":""多选"",""value"":[""目标类别物体出现比例-全部出现""]}],""featureId"":""feature-1USF2nKR"",""color"":""#2D8CF0"",""name"":""RGB图片""},{""type"":""image/rect"",""data"":[{""x"":1141.2,""y"":394.75},{""x"":1312.49,""y"":394.75},{""x"":1312.49,""y"":526.97},{""x"":1141.2,""y"":526.97}],""tags"":[{""name"":""物体检测试标"",""label"":""多选"",""value"":[""目标类别物体出现比例-全部出现""]}],""featureId"":""feature-9kCbHZTH"",""color"":""#2D8CF0"",""name"":""RGB图片""}]}"
"608017164766228480	","608014706841255967	","{""id"": ""877"", ""tag"": ""高原山鹑"", ""url"": ""https://aidata-1258344706.cos.ap-guangzhou.myqcloud.com/target/resource/607946138525167616/607947458298548255_00069-0015.jpg?q-sign-algorithm=sha1&q-ak=AKIDDpw3uwZvkBCBX16cwj36A1hJj8GdsouL9Rq29X5QSnkuB29c4GwYn7HrNPTZkLol&q-sign-time=1625113226;1625372426&q-key-time=1625113226;1625372426&q-header-list=&q-url-param-list=&q-signature=e159469b5112aadf6477139719ebb7f0365cb713&x-cos-security-token=f8R33Ych2nIgnJWU0fO2jYYseUjEYY2a749f015e9bcc33b66df80b9f69c2291dVaC13eq7yKcvisbvjeGoDCZs5S8TZgh16VhyU04WXQXOYyfCKnd5Z9zoPS6fBgweHhrijdJGp2oDr_9ZX43ofS6B1oJnU_yslGGFCX8707fplH3pDhirj3oYawmKIFbPBLJ3md_Hi515HcM-Ux1DdznvSW2vCH0zlOB2JL5jgPMZZT6SnJn9RCLAp8Vam9TgQdLIb73YU3sd-Ev3z_2Wmr05h2V1VlgLHMs4uKT9lZ90d6mVe2IN0AwkmMtVB_UXPiXY-YCfuR1YUcVRTKV2N2vkpnXBlgM13czgGHj1a-MLNUkwINN9NHz_KK1dsn3ONKvIt5Sy2Bwgk7hgUpi1lA"", ""Path"": ""top14-p5/gaoyuanshanchun/frames/00069-0015.jpg"", ""video_url"": ""None"", ""video_path"": ""top14-p5/gaoyuanshanchun/videos/00069.AVI""}","通过质检","一场游戏  一场梦","2021-07-02 09:43:43.0","是","","{""tags"":[],""objects"":[{""type"":""image/rect"",""data"":[{""x"":-0.71,""y"":757.36},{""x"":31.34,""y"":757.36},{""x"":31.34,""y"":813.45},{""x"":-0.71,""y"":813.45}],""tags"":[{""name"":""物体检测试标"",""label"":""多选"",""value"":[""目标类别物体出现比例-部分出现""]}],""featureId"":""feature-vn95aIEK"",""color"":""#2D8CF0"",""name"":""RGB图片""},{""type"":""image/rect"",""data"":[{""x"":518.16,""y"":579.06},{""x"":613.32,""y"":579.06},{""x"":613.32,""y"":646.17},{""x"":518.16,""y"":646.17}],""tags"":[{""name"":""物体检测试标"",""label"":""多选"",""value"":[""目标类别物体出现比例-全部出现""]}],""featureId"":""feature-LKYK6jT8"",""color"":""#2D8CF0"",""name"":""RGB图片""},{""type"":""image/rect"",""data"":[{""x"":1137.19,""y"":411.78},{""x"":1319.5,""y"":411.78},{""x"":1319.5,""y"":524.97},{""x"":1137.19,""y"":524.97}],""tags"":[{""name"":""物体检测试标"",""label"":""多选"",""value"":[""目标类别物体出现比例-全部出现""]}],""featureId"":""feature-zI1K0aHc"",""color"":""#2D8CF0"",""name"":""RGB图片""},{""type"":""image/rect"",""data"":[{""x"":1218.33,""y"":351.68},{""x"":1321.5,""y"":351.68},{""x"":1321.5,""y"":433.82},{""x"":1218.33,""y"":433.82}],""tags"":[{""name"":""物体检测试标"",""label"":""多选"",""value"":[""目标类别物体出现比例-全部出现""]}],""featureId"":""feature-sIHmDrqm"",""color"":""#2D8CF0"",""name"":""RGB图片""},{""type"":""image/rect"",""data"":[{""x"":1208.31,""y"":341.66},{""x"":1265.41,""y"":341.66},{""x"":1265.41,""y"":418.79},{""x"":1208.31,""y"":418.79}],""tags"":[{""name"":""物体检测试标"",""label"":""多选"",""value"":[""目标类别物体出现比例-部分出现""]}],""featureId"":""feature-ORsFr0hw"",""color"":""#2D8CF0"",""name"":""RGB图片""}]}"
"608017164766228480	","608014706841255968	","{""id"": ""878"", ""tag"": ""高原山鹑"", ""url"": ""https://aidata-1258344706.cos.ap-guangzhou.myqcloud.com/target/resource/607946138525167616/607947458298548256_00069-0016.jpg?q-sign-algorithm=sha1&q-ak=AKIDAJGKV9VgQNn85zyXPpyrBBzXfDOSWGJ4TSFlWpV9n5cO9E5-0iOJA2V9Ji0ewBMA&q-sign-time=1625113226;1625372426&q-key-time=1625113226;1625372426&q-header-list=&q-url-param-list=&q-signature=13ddac0e590536f9182860551c5a49edaf7cbe7a&x-cos-security-token=f8R33Ych2nIgnJWU0fO2jYYseUjEYY2a1d4156b861bcbc0e86ea86a59438554cVaC13eq7yKcvisbvjeGoDCZs5S8TZgh16VhyU04WXQXOYyfCKnd5Z9zoPS6fBgweHhrijdJGp2oDr_9ZX43ofS6B1oJnU_yslGGFCX8707fplH3pDhirj3oYawmKIFbPBLJ3md_Hi515HcM-Ux1DdznvSW2vCH0zlOB2JL5jgPMZZT6SnJn9RCLAp8Vam9TgQdLIb73YU3sd-Ev3z_2Wmr05h2V1VlgLHMs4uKT9lZ90d6mVe2IN0AwkmMtVB_UXPiXY-YCfuR1YUcVRTKV2N2vkpnXBlgM13czgGHj1a-OxcoFA8SLHDOVUDt56cMawJfIQbwzcf4VpnuXhVJ6bAg"", ""Path"": ""top14-p5/gaoyuanshanchun/frames/00069-0016.jpg"", ""video_url"": ""None"", ""video_path"": ""top14-p5/gaoyuanshanchun/videos/00069.AVI""}","通过质检","一场游戏  一场梦","2021-07-02 09:43:14.0","是","","{""tags"":[],""objects"":[{""type"":""image/rect"",""data"":[{""x"":-0.71,""y"":732.32},{""x"":105.46,""y"":732.32},{""x"":105.46,""y"":818.46},{""x"":-0.71,""y"":818.46}],""tags"":[{""name"":""物体检测试标"",""label"":""多选"",""value"":[""目标类别物体出现比例-全部出现""]}],""featureId"":""feature-u7acnQrQ"",""color"":""#2D8CF0"",""name"":""RGB图片""},{""type"":""image/rect"",""data"":[{""x"":515.15,""y"":577.06},{""x"":623.33,""y"":577.06},{""x"":623.33,""y"":646.17},{""x"":515.15,""y"":646.17}],""tags"":[{""name"":""物体检测试标"",""label"":""多选"",""value"":[""目标类别物体出现比例-全部出现""]}],""featureId"":""feature-vlqg8m1Z"",""color"":""#2D8CF0"",""name"":""RGB图片""},{""type"":""image/rect"",""data"":[{""x"":1137.19,""y"":404.77},{""x"":1316.49,""y"":404.77},{""x"":1316.49,""y"":525.97},{""x"":1137.19,""y"":525.97}],""tags"":[{""name"":""物体检测试标"",""label"":""多选"",""value"":[""目标类别物体出现比例-全部出现""]}],""featureId"":""feature-dAfSQ6Qs"",""color"":""#2D8CF0"",""name"":""RGB图片""},{""type"":""image/rect"",""data"":[{""x"":1247.38,""y"":326.64},{""x"":1337.53,""y"":326.64},{""x"":1337.53,""y"":428.81},{""x"":1247.38,""y"":428.81}],""tags"":[{""name"":""物体检测试标"",""label"":""多选"",""value"":[""目标类别物体出现比例-全部出现""]}],""featureId"":""feature-akWcm8XP"",""color"":""#2D8CF0"",""name"":""RGB图片""},{""type"":""image/rect"",""data"":[{""x"":1223.34,""y"":317.62},{""x"":1294.46,""y"":317.62},{""x"":1294.46,""y"":414.79},{""x"":1223.34,""y"":414.79}],""tags"":[{""name"":""物体检测试标"",""label"":""多选"",""value"":[""目标类别物体出现比例-部分出现""]}],""featureId"":""feature-zdnJ3Wf7"",""color"":""#2D8CF0"",""name"":""RGB图片""}]}"
"608017164766228480	","608014706841255969	","{""id"": ""879"", ""tag"": ""高原山鹑"", ""url"": ""https://aidata-1258344706.cos.ap-guangzhou.myqcloud.com/target/resource/607946138525167616/607947458298548257_00069-0017.jpg?q-sign-algorithm=sha1&q-ak=AKIDwl0EKB-XH2EksOyADtef3XKLnhflYIB_KFuVHxucdvaWTQbQjYXnHZmYQcxtZT1X&q-sign-time=1625113226;1625372426&q-key-time=1625113226;1625372426&q-header-list=&q-url-param-list=&q-signature=b394bde9630ac9508273c8fba7f9babc2f3b50f6&x-cos-security-token=K6Q8xOwyR6xmlE4mK84dZ0yf6kRyHr7a1a91a8a5ae04290cb53e4286b33835c6qx3Lnew6f7h5Vle8xLbUxdn2ck6iKkE2UKcrCUJiJlfZlWQXc5IhfU0Tf7aR1LynaTqbCAYzs4jkYgX3f-Vh1Ce5hFj2-Z3s34nmXMaG7ak0XQqZFlrTHeid82GxYCwV2--3KV44cDUcEvJUsGVkwkZZYlnb4dRt9GWzZ7QVC8hsinmwvc66GbvmcxUdnwxJYkANSSJUr5KqURUpumV4s3jBNL0SWJA8wjvoMh4ugsCzeq844yUD4ZfWdx5n0U26FV4i5THNvQ_GQ09yv35GG-o7W3Lrjsprmzq6HmNBJpKGrWE93aNJU0HPEbCUtEe3Rsj4GrjT3ttOvfJ3A7aD3A"", ""Path"": ""top14-p5/gaoyuanshanchun/frames/00069-0017.jpg"", ""video_url"": ""None"", ""video_path"": ""top14-p5/gaoyuanshanchun/videos/00069.AVI""}","通过质检","一场游戏  一场梦","2021-07-02 09:42:33.0","是","","{""tags"":[],""objects"":[{""type"":""image/rect"",""data"":[{""x"":38.3,""y"":724.94},{""x"":147.13,""y"":724.94},{""x"":147.13,""y"":794.3},{""x"":38.3,""y"":794.3}],""tags"":[{""name"":""物体检测试标"",""label"":""多选"",""value"":[""目标类别物体出现比例-全部出现""]}],""featureId"":""feature-8msqtAVx"",""color"":""#2D8CF0"",""name"":""RGB图片""},{""type"":""image/rect"",""data"":[{""x"":527.42,""y"":573.06},{""x"":645.82,""y"":573.06},{""x"":645.82,""y"":638.83},{""x"":527.42,""y"":638.83}],""tags"":[{""name"":""物体检测试标"",""label"":""多选"",""value"":[""目标类别物体出现比例-全部出现""]}],""featureId"":""feature-hVmijTx3"",""color"":""#2D8CF0"",""name"":""RGB图片""},{""type"":""image/rect"",""data"":[{""x"":1291.61,""y"":306.37},{""x"":1374.12,""y"":306.37},{""x"":1374.12,""y"":423.57},{""x"":1291.61,""y"":423.57}],""tags"":[{""name"":""物体检测试标"",""label"":""多选"",""value"":[""目标类别物体出现比例-全部出现""]}],""featureId"":""feature-hJ07cNI1"",""color"":""#2D8CF0"",""name"":""RGB图片""},{""type"":""image/rect"",""data"":[{""x"":1145.71,""y"":397.26},{""x"":1315.52,""y"":397.26},{""x"":1315.52,""y"":519.24},{""x"":1145.71,""y"":519.24}],""tags"":[{""name"":""物体检测试标"",""label"":""多选"",""value"":[""目标类别物体出现比例-全部出现""]}],""featureId"":""feature-fDkSS8Ru"",""color"":""#2D8CF0"",""name"":""RGB图片""},{""type"":""image/rect"",""data"":[{""x"":1209.09,""y"":313.54},{""x"":1292.8,""y"":313.54},{""x"":1292.8,""y"":400.85},{""x"":1209.09,""y"":400.85}],""tags"":[{""name"":""物体检测试标"",""label"":""多选"",""value"":[""目标类别物体出现比例-全部出现""]}],""featureId"":""feature-uqyPvk4C"",""color"":""#2D8CF0"",""name"":""RGB图片""}]}"
"608017164766228480	","608014706841255970	","{""id"": ""880"", ""tag"": ""高原山鹑"", ""url"": ""https://aidata-1258344706.cos.ap-guangzhou.myqcloud.com/target/resource/607946138525167616/607947458298548258_00070-0001.jpg?q-sign-algorithm=sha1&q-ak=AKIDNYQ1Gj-xD9Qi24cqeFowMACYYKT4F4RQnw3N602Urn4jpQ09cVzrjaHLUWYa8KgC&q-sign-time=1625113226;1625372426&q-key-time=1625113226;1625372426&q-header-list=&q-url-param-list=&q-signature=23ad73625a70c484be5b36b084c71dd518975d1f&x-cos-security-token=K6Q8xOwyR6xmlE4mK84dZ0yf6kRyHr7aecd42c6111e5130344506583f19d72feqx3Lnew6f7h5Vle8xLbUxdn2ck6iKkE2UKcrCUJiJlfZlWQXc5IhfU0Tf7aR1LynaTqbCAYzs4jkYgX3f-Vh1Ce5hFj2-Z3s34nmXMaG7ak0XQqZFlrTHeid82GxYCwV2--3KV44cDUcEvJUsGVkwkZZYlnb4dRt9GWzZ7QVC8hsinmwvc66GbvmcxUdnwxJYkANSSJUr5KqURUpumV4s3jBNL0SWJA8wjvoMh4ugsCzeq844yUD4ZfWdx5n0U26FV4i5THNvQ_GQ09yv35GG-o7W3Lrjsprmzq6HmNBJpIjpz_2EsuufoZuKju9iwhMjJDOg54kISE7dLZORgfM1w"", ""Path"": ""top14-p5/gaoyuanshanchun/frames/00070-0001.jpg"", ""video_url"": ""None"", ""video_path"": ""top14-p5/gaoyuanshanchun/videos/00070.AVI""}","通过质检","一场游戏  一场梦","2021-07-02 09:40:43.0","是","","{""tags"":[],""objects"":[{""type"":""image/rect"",""data"":[{""x"":53.38,""y"":692.25},{""x"":104.46,""y"":692.25},{""x"":104.46,""y"":766.37},{""x"":53.38,""y"":766.37}],""tags"":[{""name"":""物体检测试标"",""label"":""多选"",""value"":[""目标类别物体出现比例-全部出现""]}],""featureId"":""feature-KhvQMt30"",""color"":""#2D8CF0"",""name"":""RGB图片""},{""type"":""image/rect"",""data"":[{""x"":1210.32,""y"":266.54},{""x"":1259.4,""y"":266.54},{""x"":1259.4,""y"":323.63},{""x"":1210.32,""y"":323.63}],""tags"":[{""name"":""物体检测试标"",""label"":""多选"",""value"":[""目标类别物体出现比例-全部出现""]}],""featureId"":""feature-2RYCxN1x"",""color"":""#2D8CF0"",""name"":""RGB图片""},{""type"":""image/rect"",""data"":[{""x"":1262.4,""y"":245.5},{""x"":1308.48,""y"":245.5},{""x"":1308.48,""y"":302.6},{""x"":1262.4,""y"":302.6}],""tags"":[{""name"":""物体检测试标"",""label"":""多选"",""value"":[""目标类别物体出现比例-全部出现""]}],""featureId"":""feature-ijyXTVrZ"",""color"":""#2D8CF0"",""name"":""RGB图片""}]}"
"608017164766228480	","608014706841255971	","{""id"": ""881"", ""tag"": ""高原山鹑"", ""url"": ""https://aidata-1258344706.cos.ap-guangzhou.myqcloud.com/target/resource/607946138525167616/607947458298548259_00070-0002.jpg?q-sign-algorithm=sha1&q-ak=AKIDV9JCvtc6yabxK0lFGUVW8HF-P98XqJbcHXGy5xBgQY81qAr2RxjH6Xf5Jaa2rU_r&q-sign-time=1625113226;1625372426&q-key-time=1625113226;1625372426&q-header-list=&q-url-param-list=&q-signature=893c05eedd99017a536aad1904e9b77315bad801&x-cos-security-token=K6Q8xOwyR6xmlE4mK84dZ0yf6kRyHr7af935b334601b1bd056934dbe46ccfaedqx3Lnew6f7h5Vle8xLbUxdn2ck6iKkE2UKcrCUJiJlfZlWQXc5IhfU0Tf7aR1LynaTqbCAYzs4jkYgX3f-Vh1Ce5hFj2-Z3s34nmXMaG7ak0XQqZFlrTHeid82GxYCwV2--3KV44cDUcEvJUsGVkwkZZYlnb4dRt9GWzZ7QVC8hsinmwvc66GbvmcxUdnwxJYkANSSJUr5KqURUpumV4s3jBNL0SWJA8wjvoMh4ugsCzeq844yUD4ZfWdx5n0U26FV4i5THNvQ_GQ09yv35GG-o7W3Lrjsprmzq6HmNBJpInqI38oxtuQH5E3KMypHPsyUcDQOrBI62MHfUHxDniQQ"", ""Path"": ""top14-p5/gaoyuanshanchun/frames/00070-0002.jpg"", ""video_url"": ""None"", ""video_path"": ""top14-p5/gaoyuanshanchun/videos/00070.AVI""}","通过质检","一场游戏  一场梦","2021-07-02 09:40:17.0","是","","{""tags"":[],""objects"":[{""type"":""image/rect"",""data"":[{""x"":49.37,""y"":692.25},{""x"":103.46,""y"":692.25},{""x"":103.46,""y"":770.38},{""x"":49.37,""y"":770.38}],""tags"":[{""name"":""物体检测试标"",""label"":""多选"",""value"":[""目标类别物体出现比例-全部出现""]}],""featureId"":""feature-dzElIC6h"",""color"":""#2D8CF0"",""name"":""RGB图片""},{""type"":""image/rect"",""data"":[{""x"":1213.32,""y"":265.53},{""x"":1264.41,""y"":265.53},{""x"":1264.41,""y"":326.64},{""x"":1213.32,""y"":326.64}],""tags"":[{""name"":""物体检测试标"",""label"":""多选"",""value"":[""目标类别物体出现比例-全部出现""]}],""featureId"":""feature-WXxQGOqt"",""color"":""#2D8CF0"",""name"":""RGB图片""},{""type"":""image/rect"",""data"":[{""x"":1263.41,""y"":245.5},{""x"":1312.49,""y"":245.5},{""x"":1312.49,""y"":303.6},{""x"":1263.41,""y"":303.6}],""tags"":[{""name"":""物体检测试标"",""label"":""多选"",""value"":[""目标类别物体出现比例-全部出现""]}],""featureId"":""feature-JyoQAUfl"",""color"":""#2D8CF0"",""name"":""RGB图片""}]}"
"608017164766228480	","608014706841255972	","{""id"": ""882"", ""tag"": ""高原山鹑"", ""url"": ""https://aidata-1258344706.cos.ap-guangzhou.myqcloud.com/target/resource/607946138525167616/607947458298548260_00070-0003.jpg?q-sign-algorithm=sha1&q-ak=AKIDfh8sVvKp13xegv8m05Sj0_GOk68bSHjDOJcpYblKrUKxpzcCtwbmeJDLIr-dYVMa&q-sign-time=1625113226;1625372426&q-key-time=1625113226;1625372426&q-header-list=&q-url-param-list=&q-signature=6d918a39c1cd3ecfb6e24b9a1a640cbfbd6e9088&x-cos-security-token=K6Q8xOwyR6xmlE4mK84dZ0yf6kRyHr7a3df786f317a1ce4a308e7e23acab84b6qx3Lnew6f7h5Vle8xLbUxdn2ck6iKkE2UKcrCUJiJlfZlWQXc5IhfU0Tf7aR1LynaTqbCAYzs4jkYgX3f-Vh1Ce5hFj2-Z3s34nmXMaG7ak0XQqZFlrTHeid82GxYCwV2--3KV44cDUcEvJUsGVkwkZZYlnb4dRt9GWzZ7QVC8hsinmwvc66GbvmcxUdnwxJYkANSSJUr5KqURUpumV4s3jBNL0SWJA8wjvoMh4ugsCzeq844yUD4ZfWdx5n0U26FV4i5THNvQ_GQ09yv35GG-o7W3Lrjsprmzq6HmNBJpLnxkeVZgAfqmEAmMkKgk2Bd1TFA8e93Tl3QzXPlH_VrA"", ""Path"": ""top14-p5/gaoyuanshanchun/frames/00070-0003.jpg"", ""video_url"": ""None"", ""video_path"": ""top14-p5/gaoyuanshanchun/videos/00070.AVI""}","通过质检","一场游戏  一场梦","2021-07-02 09:39:57.0","是","","{""tags"":[],""objects"":[{""type"":""image/rect"",""data"":[{""x"":1212.32,""y"":263.53},{""x"":1262.4,""y"":263.53},{""x"":1262.4,""y"":324.63},{""x"":1212.32,""y"":324.63}],""tags"":[{""name"":""物体检测试标"",""label"":""多选"",""value"":[""目标类别物体出现比例-全部出现""]}],""featureId"":""feature-lDIIyQuq"",""color"":""#2D8CF0"",""name"":""RGB图片""},{""type"":""image/rect"",""data"":[{""x"":1261.4,""y"":243.5},{""x"":1312.49,""y"":243.5},{""x"":1312.49,""y"":299.59},{""x"":1261.4,""y"":299.59}],""tags"":[{""name"":""物体检测试标"",""label"":""多选"",""value"":[""目标类别物体出现比例-全部出现""]}],""featureId"":""feature-5wwjyGyW"",""color"":""#2D8CF0"",""name"":""RGB图片""},{""type"":""image/rect"",""data"":[{""x"":102.96,""y"":692.22},{""x"":171.45,""y"":692.22},{""x"":171.45,""y"":750.18},{""x"":102.96,""y"":750.18}],""tags"":[{""name"":""物体检测试标"",""label"":""多选"",""value"":[""目标类别物体出现比例-全部出现""]}],""featureId"":""feature-TzQZTtTU"",""color"":""#2D8CF0"",""name"":""RGB图片""}]}"
"608017164766228480	","608014706841255973	","{""id"": ""883"", ""tag"": ""高原山鹑"", ""url"": ""https://aidata-1258344706.cos.ap-guangzhou.myqcloud.com/target/resource/607946138525167616/607947458298548261_00070-0004.jpg?q-sign-algorithm=sha1&q-ak=AKID5rsWMfbnCx9Vu-QWZj_efUgSUV_qScxdUDh2PHKuDZ1lH_sCpgW_6R9AVo6A7Q4s&q-sign-time=1625113226;1625372426&q-key-time=1625113226;1625372426&q-header-list=&q-url-param-list=&q-signature=1017d3f95f5b7845162c4866d54ecd301f280d09&x-cos-security-token=f8R33Ych2nIgnJWU0fO2jYYseUjEYY2ab40ed5ca29adad43500984d5b17c3e73VaC13eq7yKcvisbvjeGoDCZs5S8TZgh16VhyU04WXQXOYyfCKnd5Z9zoPS6fBgweHhrijdJGp2oDr_9ZX43ofS6B1oJnU_yslGGFCX8707fplH3pDhirj3oYawmKIFbPBLJ3md_Hi515HcM-Ux1DdznvSW2vCH0zlOB2JL5jgPMZZT6SnJn9RCLAp8Vam9TgQdLIb73YU3sd-Ev3z_2Wmr05h2V1VlgLHMs4uKT9lZ90d6mVe2IN0AwkmMtVB_UXPiXY-YCfuR1YUcVRTKV2N2vkpnXBlgM13czgGHj1a-NNZfpey77pmdvgHcLN4QYsW-O-c296oYT5XSNsPKIyRw"", ""Path"": ""top14-p5/gaoyuanshanchun/frames/00070-0004.jpg"", ""video_url"": ""None"", ""video_path"": ""top14-p5/gaoyuanshanchun/videos/00070.AVI""}","通过质检","一场游戏  一场梦","2021-07-02 09:39:27.0","是","","{""tags"":[],""objects"":[{""type"":""image/rect"",""data"":[{""x"":1263.41,""y"":239.49},{""x"":1313.49,""y"":239.49},{""x"":1313.49,""y"":296.59},{""x"":1263.41,""y"":296.59}],""tags"":[{""name"":""物体检测试标"",""label"":""多选"",""value"":[""目标类别物体出现比例-全部出现""]}],""featureId"":""feature-hOCZ35UA"",""color"":""#2D8CF0"",""name"":""RGB图片""},{""type"":""image/rect"",""data"":[{""x"":1209.32,""y"":257.52},{""x"":1262.4,""y"":257.52},{""x"":1262.4,""y"":323.63},{""x"":1209.32,""y"":323.63}],""tags"":[{""name"":""物体检测试标"",""label"":""多选"",""value"":[""目标类别物体出现比例-全部出现""]}],""featureId"":""feature-ZPKdDpeO"",""color"":""#2D8CF0"",""name"":""RGB图片""},{""type"":""image/rect"",""data"":[{""x"":1023,""y"":331.65},{""x"":1089.11,""y"":331.65},{""x"":1089.11,""y"":374.72},{""x"":1023,""y"":374.72}],""tags"":[{""name"":""物体检测试标"",""label"":""多选"",""value"":[""目标类别物体出现比例-全部出现""]}],""featureId"":""feature-rl3FSKDK"",""color"":""#2D8CF0"",""name"":""RGB图片""}]}"
"608017164766228480	","608014706841255974	","{""id"": ""884"", ""tag"": ""高原山鹑"", ""url"": ""https://aidata-1258344706.cos.ap-guangzhou.myqcloud.com/target/resource/607946138525167616/607947458298548262_00070-0005.jpg?q-sign-algorithm=sha1&q-ak=AKIDlNFwA_F0an37anckyemuoX9RXv3lq7cMz9WLXWjG1FZP37YDl62vhu2dXQLq_LoW&q-sign-time=1625113227;1625372427&q-key-time=1625113227;1625372427&q-header-list=&q-url-param-list=&q-signature=fc186cc475a086005121c465e6cf8051871eea44&x-cos-security-token=K6Q8xOwyR6xmlE4mK84dZ0yf6kRyHr7a943c21e8fb6364077463097474fb8b7dqx3Lnew6f7h5Vle8xLbUxdn2ck6iKkE2UKcrCUJiJlfZlWQXc5IhfU0Tf7aR1LynaTqbCAYzs4jkYgX3f-Vh1Ce5hFj2-Z3s34nmXMaG7ak0XQqZFlrTHeid82GxYCwV2--3KV44cDUcEvJUsGVkwkZZYlnb4dRt9GWzZ7QVC8hsinmwvc66GbvmcxUdnwxJYkANSSJUr5KqURUpumV4s3jBNL0SWJA8wjvoMh4ugsCzeq844yUD4ZfWdx5n0U26FV4i5THNvQ_GQ09yv35GG-o7W3Lrjsprmzq6HmNBJpKjGIdVuafQGm0bnnV4yXvooWracfCzJ7U1OTf9yLnf_w"", ""Path"": ""top14-p5/gaoyuanshanchun/frames/00070-0005.jpg"", ""video_url"": ""None"", ""video_path"": ""top14-p5/gaoyuanshanchun/videos/00070.AVI""}","通过质检","一场游戏  一场梦","2021-07-02 09:38:57.0","是","","{""tags"":[],""objects"":[{""type"":""image/rect"",""data"":[{""x"":306.8,""y"":619.13},{""x"":373.91,""y"":619.13},{""x"":373.91,""y"":693.25},{""x"":306.8,""y"":693.25}],""tags"":[{""name"":""物体检测试标"",""label"":""多选"",""value"":[""目标类别物体出现比例-全部出现""]}],""featureId"":""feature-sya4NQAW"",""color"":""#2D8CF0"",""name"":""RGB图片""},{""type"":""image/rect"",""data"":[{""x"":1209.32,""y"":263.53},{""x"":1260.4,""y"":263.53},{""x"":1260.4,""y"":326.64},{""x"":1209.32,""y"":326.64}],""tags"":[{""name"":""物体检测试标"",""label"":""多选"",""value"":[""目标类别物体出现比例-全部出现""]}],""featureId"":""feature-ZnpsIYFv"",""color"":""#2D8CF0"",""name"":""RGB图片""},{""type"":""image/rect"",""data"":[{""x"":1261.4,""y"":235.48},{""x"":1335.53,""y"":235.48},{""x"":1335.53,""y"":296.59},{""x"":1261.4,""y"":296.59}],""tags"":[{""name"":""物体检测试标"",""label"":""多选"",""value"":[""目标类别物体出现比例-全部出现""]}],""featureId"":""feature-gTgtvjBr"",""color"":""#2D8CF0"",""name"":""RGB图片""},{""type"":""image/rect"",""data"":[{""x"":1403.64,""y"":195.42},{""x"":1440.7,""y"":195.42},{""x"":1440.7,""y"":252.51},{""x"":1403.64,""y"":252.51}],""tags"":[{""name"":""物体检测试标"",""label"":""多选"",""value"":[""目标类别物体出现比例-部分出现""]}],""featureId"":""feature-DancyGnu"",""color"":""#2D8CF0"",""name"":""RGB图片""}]}"
"608017164766228480	","608014706841255975	","{""id"": ""885"", ""tag"": ""高原山鹑"", ""url"": ""https://aidata-1258344706.cos.ap-guangzhou.myqcloud.com/target/resource/607946138525167616/607947458298548263_00070-0006.jpg?q-sign-algorithm=sha1&q-ak=AKIDeFPjYCOhBwf4a_9hQzDKvHfPlWwQqlwmn0d7Hr-w2CZwzZFPRoE_kf-ULVbcIhjR&q-sign-time=1625113227;1625372427&q-key-time=1625113227;1625372427&q-header-list=&q-url-param-list=&q-signature=f804e92e36c15ac14eb32707d9dc23de2cf98b07&x-cos-security-token=jmCCFCZ07AWjN0xvNlUPyP0mQYfzOAHac1378bda9d9ef5729c6efc3a8d59b25a0z2hQp1bEqLwIwCjaPDubOT7OAVGosOhUnwQxLe_GKbRWuHgV5Ei_4o3QCzR_N0c26VQ3ma9JrgraXgjx8dw1F30m8jRb2MRst1DQysSocJgTydmcw1RnTVsf-ZCntuZ-FlnMK9uCoxVI0dTc7gmxKpGNK8AaFieQ097d2VY_XSX8r3Ej9EuzDwDqVprWFObISBxQ0jZLyrBwsOURncJ3Ts9yeiBZG4EC5EWm98HxVRtyGpVS_4WyzWMQYwkbVMG-VD6UBC7-2vU4n03PWX8m-Wg3-sQiZVDQOED-rfshFvwIeKIGU5frJgO10RG_2aMnDzevpARmHehskfjbFnLgg"", ""Path"": ""top14-p5/gaoyuanshanchun/frames/00070-0006.jpg"", ""video_url"": ""None"", ""video_path"": ""top14-p5/gaoyuanshanchun/videos/00070.AVI""}","通过质检","一场游戏  一场梦","2021-07-02 09:38:24.0","是","","{""tags"":[],""objects"":[{""type"":""image/rect"",""data"":[{""x"":1054.06,""y"":299.59},{""x"":1119.16,""y"":299.59},{""x"":1119.16,""y"":374.72},{""x"":1054.06,""y"":374.72}],""tags"":[{""name"":""物体检测试标"",""label"":""多选"",""value"":[""目标类别物体出现比例-全部出现""]}],""featureId"":""feature-sL9nvmji"",""color"":""#2D8CF0"",""name"":""RGB图片""},{""type"":""image/rect"",""data"":[{""x"":1207.31,""y"":259.52},{""x"":1260.4,""y"":259.52},{""x"":1260.4,""y"":324.63},{""x"":1207.31,""y"":324.63}],""tags"":[{""name"":""物体检测试标"",""label"":""多选"",""value"":[""目标类别物体出现比例-全部出现""]}],""featureId"":""feature-BpieQtWF"",""color"":""#2D8CF0"",""name"":""RGB图片""}]}"
"608017164766228480	","608014706841255976	","{""id"": ""886"", ""tag"": ""高原山鹑"", ""url"": ""https://aidata-1258344706.cos.ap-guangzhou.myqcloud.com/target/resource/607946138525167616/607947458298548264_00070-0007.jpg?q-sign-algorithm=sha1&q-ak=AKIDs60q-sG6-E2fJ1tdG0p50RXRb-VRLh8oDBsE6VC0NX1eT4WMZ9imMwF50vu9cJzX&q-sign-time=1625113227;1625372427&q-key-time=1625113227;1625372427&q-header-list=&q-url-param-list=&q-signature=d6152b8eb0a59ce0a11f9ddbde4f33ff8933dff7&x-cos-security-token=K6Q8xOwyR6xmlE4mK84dZ0yf6kRyHr7af39b2c44f5a6068adb77610b9737f6d4qx3Lnew6f7h5Vle8xLbUxY3BqVNFiBVe_V0oGZ76RRtSbVVnsoLRSK37KX9pQk9V07SwUOwPTSJrAYbcYHrNF2_ryv4z_-hwePwAQSDEja2RvI5J5W30paNIuiO3tm-cz7mdmfL5UX595yvvIy8xqNoAVvuZlqapzrEYOumVkHHeN4gG55ibbQw_QdpupQUEHxgzuYvn_ExlkjlW3OJEFa5pz2-Z2WJya6eEg_6ocflCzTHhH6JyMmcEhaj27i29_7LFsn0o6Igg_z7A-1vdyBKl9wmVhFFajaMVZQvjucpQToJlX9Afxqq8TaeC_8TsdFML57NP96gh4P57Y-lg6Q"", ""Path"": ""top14-p5/gaoyuanshanchun/frames/00070-0007.jpg"", ""video_url"": ""None"", ""video_path"": ""top14-p5/gaoyuanshanchun/videos/00070.AVI""}","通过质检","一场游戏  一场梦","2021-07-02 09:37:51.0","是","","{""tags"":[],""objects"":[{""type"":""image/rect"",""data"":[{""x"":333.85,""y"":606.11},{""x"":428.01,""y"":606.11},{""x"":428.01,""y"":694.25},{""x"":333.85,""y"":694.25}],""tags"":[{""name"":""物体检测试标"",""label"":""多选"",""value"":[""目标类别物体出现比例-全部出现""]}],""featureId"":""feature-PWSyqKC0"",""color"":""#2D8CF0"",""name"":""RGB图片""},{""type"":""image/rect"",""data"":[{""x"":614.32,""y"":441.83},{""x"":730.51,""y"":441.83},{""x"":730.51,""y"":514.95},{""x"":614.32,""y"":514.95}],""tags"":[{""name"":""物体检测试标"",""label"":""多选"",""value"":[""目标类别物体出现比例-全部出现""]}],""featureId"":""feature-Mkcyoa6a"",""color"":""#2D8CF0"",""name"":""RGB图片""},{""type"":""image/rect"",""data"":[{""x"":1166.24,""y"":269.54},{""x"":1213.32,""y"":269.54},{""x"":1213.32,""y"":330.64},{""x"":1166.24,""y"":330.64}],""tags"":[{""name"":""物体检测试标"",""label"":""多选"",""value"":[""目标类别物体出现比例-全部出现""]}],""featureId"":""feature-Z5RIW0PH"",""color"":""#2D8CF0"",""name"":""RGB图片""},{""type"":""image/rect"",""data"":[{""x"":1210.32,""y"":268.54},{""x"":1260.4,""y"":268.54},{""x"":1260.4,""y"":322.63},{""x"":1210.32,""y"":322.63}],""tags"":[{""name"":""物体检测试标"",""label"":""多选"",""value"":[""目标类别物体出现比例-全部出现""]}],""featureId"":""feature-o2IEQvHa"",""color"":""#2D8CF0"",""name"":""RGB图片""}]}"
"608017164766228480	","608014706841255977	","{""id"": ""887"", ""tag"": ""高原山鹑"", ""url"": ""https://aidata-1258344706.cos.ap-guangzhou.myqcloud.com/target/resource/607946138525167616/607947458298548265_00070-0008.jpg?q-sign-algorithm=sha1&q-ak=AKIDqhUZbRadYFxOr-u2qI06cgAbwaENxRwfktoKX5wPa13iNixuRaQxwcbsojXCtdDl&q-sign-time=1625113227;1625372427&q-key-time=1625113227;1625372427&q-header-list=&q-url-param-list=&q-signature=4b4f2d10a67c4ae9b4e79f0ecd91a596d49691d7&x-cos-security-token=K6Q8xOwyR6xmlE4mK84dZ0yf6kRyHr7a6afd0a0ef3018c60663440ee354d55c1qx3Lnew6f7h5Vle8xLbUxY3BqVNFiBVe_V0oGZ76RRtSbVVnsoLRSK37KX9pQk9V07SwUOwPTSJrAYbcYHrNF2_ryv4z_-hwePwAQSDEja2RvI5J5W30paNIuiO3tm-cz7mdmfL5UX595yvvIy8xqNoAVvuZlqapzrEYOumVkHHeN4gG55ibbQw_QdpupQUEHxgzuYvn_ExlkjlW3OJEFa5pz2-Z2WJya6eEg_6ocflCzTHhH6JyMmcEhaj27i29_7LFsn0o6Igg_z7A-1vdyBKl9wmVhFFajaMVZQvjucruGCI2wNyDDDJCiej8CDAzNl_l4U6gAvPx_cuBsrfBow"", ""Path"": ""top14-p5/gaoyuanshanchun/frames/00070-0008.jpg"", ""video_url"": ""None"", ""video_path"": ""top14-p5/gaoyuanshanchun/videos/00070.AVI""}","通过质检","一场游戏  一场梦","2021-07-02 09:37:13.0","是","","{""tags"":[],""objects"":[{""type"":""image/rect"",""data"":[{""x"":597.29,""y"":484.9},{""x"":724.5,""y"":484.9},{""x"":724.5,""y"":560.03},{""x"":597.29,""y"":560.03}],""tags"":[{""name"":""物体检测试标"",""label"":""多选"",""value"":[""目标类别物体出现比例-全部出现""]}],""featureId"":""feature-7EDY1ydh"",""color"":""#2D8CF0"",""name"":""RGB图片""},{""type"":""image/rect"",""data"":[{""x"":928.85,""y"":332.65},{""x"":999.96,""y"":332.65},{""x"":999.96,""y"":413.78},{""x"":928.85,""y"":413.78}],""tags"":[{""name"":""物体检测试标"",""label"":""多选"",""value"":[""目标类别物体出现比例-全部出现""]}],""featureId"":""feature-ZHPJQ11m"",""color"":""#2D8CF0"",""name"":""RGB图片""},{""type"":""image/rect"",""data"":[{""x"":1208.31,""y"":259.52},{""x"":1263.41,""y"":259.52},{""x"":1263.41,""y"":325.64},{""x"":1208.31,""y"":325.64}],""tags"":[{""name"":""物体检测试标"",""label"":""多选"",""value"":[""目标类别物体出现比例-全部出现""]}],""featureId"":""feature-Lo6TxWfD"",""color"":""#2D8CF0"",""name"":""RGB图片""},{""type"":""image/rect"",""data"":[{""x"":1167.24,""y"":265.53},{""x"":1219.33,""y"":265.53},{""x"":1219.33,""y"":326.64},{""x"":1167.24,""y"":326.64}],""tags"":[{""name"":""物体检测试标"",""label"":""多选"",""value"":[""目标类别物体出现比例-全部出现""]}],""featureId"":""feature-IWpAXc5F"",""color"":""#2D8CF0"",""name"":""RGB图片""}]}"
"608017164766228480	","608014706841255978	","{""id"": ""888"", ""tag"": ""高原山鹑"", ""url"": ""https://aidata-1258344706.cos.ap-guangzhou.myqcloud.com/target/resource/607946138525167616/607947458298548266_00070-0009.jpg?q-sign-algorithm=sha1&q-ak=AKIDvgGLg2t0F1V8E3NNZ96q8ShrSvMTJVKdrw1memuGA9eG7_gzM3_swWt33BQIURMe&q-sign-time=1625113227;1625372427&q-key-time=1625113227;1625372427&q-header-list=&q-url-param-list=&q-signature=c32669712d0fae81b416a310e4227773471266da&x-cos-security-token=K6Q8xOwyR6xmlE4mK84dZ0yf6kRyHr7abcf5e89ca3dda3bd22f83009f788d0a4qx3Lnew6f7h5Vle8xLbUxY3BqVNFiBVe_V0oGZ76RRtSbVVnsoLRSK37KX9pQk9V07SwUOwPTSJrAYbcYHrNF2_ryv4z_-hwePwAQSDEja2RvI5J5W30paNIuiO3tm-cz7mdmfL5UX595yvvIy8xqNoAVvuZlqapzrEYOumVkHHeN4gG55ibbQw_QdpupQUEHxgzuYvn_ExlkjlW3OJEFa5pz2-Z2WJya6eEg_6ocflCzTHhH6JyMmcEhaj27i29_7LFsn0o6Igg_z7A-1vdyBKl9wmVhFFajaMVZQvjucprAZphys6S5d4XQgGLAKmuktFAY1zctkTN10npR2Denw"", ""Path"": ""top14-p5/gaoyuanshanchun/frames/00070-0009.jpg"", ""video_url"": ""None"", ""video_path"": ""top14-p5/gaoyuanshanchun/videos/00070.AVI""}","通过质检","一场游戏  一场梦","2021-07-02 09:36:28.0","是","","{""tags"":[],""objects"":[{""type"":""image/rect"",""data"":[{""x"":1073.5,""y"":301.09},{""x"":1154.56,""y"":301.09},{""x"":1154.56,""y"":365.94},{""x"":1073.5,""y"":365.94}],""tags"":[{""name"":""物体检测试标"",""label"":""多选"",""value"":[""目标类别物体出现比例-全部出现""]}],""featureId"":""feature-ivhGxGQT"",""color"":""#2D8CF0"",""name"":""RGB图片""},{""type"":""image/rect"",""data"":[{""x"":1210.75,""y"":258.95},{""x"":1259.39,""y"":258.95},{""x"":1259.39,""y"":320.55},{""x"":1210.75,""y"":320.55}],""tags"":[{""name"":""物体检测试标"",""label"":""多选"",""value"":[""目标类别物体出现比例-全部出现""]}],""featureId"":""feature-XJa4S2pw"",""color"":""#2D8CF0"",""name"":""RGB图片""},{""type"":""image/rect"",""data"":[{""x"":1166.44,""y"":261.11},{""x"":1217.24,""y"":261.11},{""x"":1217.24,""y"":322.71},{""x"":1166.44,""y"":322.71}],""tags"":[{""name"":""物体检测试标"",""label"":""多选"",""value"":[""目标类别物体出现比例-全部出现""]}],""featureId"":""feature-vIK85jkO"",""color"":""#2D8CF0"",""name"":""RGB图片""}]}"
"608017164766228480	","608014706841255979	","{""id"": ""889"", ""tag"": ""高原山鹑"", ""url"": ""https://aidata-1258344706.cos.ap-guangzhou.myqcloud.com/target/resource/607946138525167616/607947458298548267_00070-0010.jpg?q-sign-algorithm=sha1&q-ak=AKIDh51j53XEkfE1FhLvvqiuzLa-5XCobr7qYdJHyHe46ftIgKb5CZSa6eFpoFIecDWd&q-sign-time=1625113227;1625372427&q-key-time=1625113227;1625372427&q-header-list=&q-url-param-list=&q-signature=15bed053bba01b11922d8843be12a5010da57d42&x-cos-security-token=f8R33Ych2nIgnJWU0fO2jYYseUjEYY2a55b576133346d598f49d8d1d197b07d3VaC13eq7yKcvisbvjeGoDL2hcEkDcsDIBVmBWv3TxhAOhVKZ70h6oAkVz0yCsCUeRUGii6cqaSp6NgtKXTDEdn1C2U9HkCkQz-tI6yyyeLTi0wZ_bf5BNducwxks9E_Zf34JQThpcHD5AqPwzVEsK0PJUIrl6_JSn7m3BZHfSk8hhJZf56NcN31HU66hFXHDD19KjjP69N8_RfIZGoe8qHKs_b5TY1KcfC6AKFFKqsnaDJKTGMc7vRkq7jeaFFFKHr2fmvfiH0jMfaOo5sbh6AikkrVhlqexTiZySAHBnfEVWfn0Vjluj-1aPh-3KWFlxpsLu6-OhKA_bNi2ffWhvQ"", ""Path"": ""top14-p5/gaoyuanshanchun/frames/00070-0010.jpg"", ""video_url"": ""None"", ""video_path"": ""top14-p5/gaoyuanshanchun/videos/00070.AVI""}","通过质检","一场游戏  一场梦","2021-07-02 09:36:03.0","是","","{""tags"":[],""objects"":[{""type"":""image/rect"",""data"":[{""x"":923.77,""y"":332.3},{""x"":972.24,""y"":332.3},{""x"":972.24,""y"":390.25},{""x"":923.77,""y"":390.25}],""tags"":[{""name"":""物体检测试标"",""label"":""多选"",""value"":[""目标类别物体出现比例-全部出现""]}],""featureId"":""feature-BIZrAx0A"",""color"":""#2D8CF0"",""name"":""RGB图片""},{""type"":""image/rect"",""data"":[{""x"":1208.27,""y"":256.43},{""x"":1270.44,""y"":256.43},{""x"":1270.44,""y"":318.6},{""x"":1208.27,""y"":318.6}],""tags"":[{""name"":""物体检测试标"",""label"":""多选"",""value"":[""目标类别物体出现比例-全部出现""]}],""featureId"":""feature-82UHLOHZ"",""color"":""#2D8CF0"",""name"":""RGB图片""},{""type"":""image/rect"",""data"":[{""x"":1165.07,""y"":261.7},{""x"":1215.65,""y"":261.7},{""x"":1215.65,""y"":323.87},{""x"":1165.07,""y"":323.87}],""tags"":[{""name"":""物体检测试标"",""label"":""多选"",""value"":[""目标类别物体出现比例-全部出现""]}],""featureId"":""feature-Rp40BxT8"",""color"":""#2D8CF0"",""name"":""RGB图片""}]}"
"608017164766228480	","608014706841255980	","{""id"": ""890"", ""tag"": ""高原山鹑"", ""url"": ""https://aidata-1258344706.cos.ap-guangzhou.myqcloud.com/target/resource/607946138525167616/607947458298548268_00070-0011.jpg?q-sign-algorithm=sha1&q-ak=AKIDVjPmeUZ7pVwGhES43tfMZzJb1iwiSuIkWEC5wf82pgNIvZwdgxmX1KOk3uSvbc-E&q-sign-time=1625113227;1625372427&q-key-time=1625113227;1625372427&q-header-list=&q-url-param-list=&q-signature=662081c2d6c40cd53a4dd2d7199f261bfaff34c9&x-cos-security-token=K6Q8xOwyR6xmlE4mK84dZ0yf6kRyHr7ab88e473504c6b4451394d573412b6dcaqx3Lnew6f7h5Vle8xLbUxY3BqVNFiBVe_V0oGZ76RRtSbVVnsoLRSK37KX9pQk9V07SwUOwPTSJrAYbcYHrNF2_ryv4z_-hwePwAQSDEja2RvI5J5W30paNIuiO3tm-cz7mdmfL5UX595yvvIy8xqNoAVvuZlqapzrEYOumVkHHeN4gG55ibbQw_QdpupQUEHxgzuYvn_ExlkjlW3OJEFa5pz2-Z2WJya6eEg_6ocflCzTHhH6JyMmcEhaj27i29_7LFsn0o6Igg_z7A-1vdyBKl9wmVhFFajaMVZQvjucq7kTXs4pW1Z3HD6yfhTllpgMSSwC4aAsqJDAfzgtQVQg"", ""Path"": ""top14-p5/gaoyuanshanchun/frames/00070-0011.jpg"", ""video_url"": ""None"", ""video_path"": ""top14-p5/gaoyuanshanchun/videos/00070.AVI""}","通过质检","一场游戏  一场梦","2021-07-02 09:35:41.0","是","","{""tags"":[],""objects"":[{""type"":""image/rect"",""data"":[{""x"":422,""y"":548.01},{""x"":492.11,""y"":548.01},{""x"":492.11,""y"":617.12},{""x"":422,""y"":617.12}],""tags"":[{""name"":""物体检测试标"",""label"":""多选"",""value"":[""目标类别物体出现比例-全部出现""]}],""featureId"":""feature-SFQyAi4j"",""color"":""#2D8CF0"",""name"":""RGB图片""},{""type"":""image/rect"",""data"":[{""x"":941.87,""y"":318.62},{""x"":991.95,""y"":318.62},{""x"":991.95,""y"":371.71},{""x"":941.87,""y"":371.71}],""tags"":[{""name"":""物体检测试标"",""label"":""多选"",""value"":[""目标类别物体出现比例-全部出现""]}],""featureId"":""feature-y4U93mmW"",""color"":""#2D8CF0"",""name"":""RGB图片""},{""type"":""image/rect"",""data"":[{""x"":1166.24,""y"":255.52},{""x"":1216.33,""y"":255.52},{""x"":1216.33,""y"":330.64},{""x"":1166.24,""y"":330.64}],""tags"":[{""name"":""物体检测试标"",""label"":""多选"",""value"":[""目标类别物体出现比例-全部出现""]}],""featureId"":""feature-MHGtfC2b"",""color"":""#2D8CF0"",""name"":""RGB图片""},{""type"":""image/rect"",""data"":[{""x"":1233.36,""y"":248.51},{""x"":1294.46,""y"":248.51},{""x"":1294.46,""y"":318.62},{""x"":1233.36,""y"":318.62}],""tags"":[{""name"":""物体检测试标"",""label"":""多选"",""value"":[""目标类别物体出现比例-全部出现""]}],""featureId"":""feature-jLrQozGY"",""color"":""#2D8CF0"",""name"":""RGB图片""}]}"
"608017164766228480	","608014706841255981	","{""id"": ""891"", ""tag"": ""高原山鹑"", ""url"": ""https://aidata-1258344706.cos.ap-guangzhou.myqcloud.com/target/resource/607946138525167616/607947458298548269_00070-0012.jpg?q-sign-algorithm=sha1&q-ak=AKIDeFPjYCOhBwf4a_9hQzDKvHfPlWwQqlwmn0d7Hr-w2CZwzZFPRoE_kf-ULVbcIhjR&q-sign-time=1625113227;1625372427&q-key-time=1625113227;1625372427&q-header-list=&q-url-param-list=&q-signature=7b76221dd01991f9a80d11bfea0f16618b3fb258&x-cos-security-token=jmCCFCZ07AWjN0xvNlUPyP0mQYfzOAHac1378bda9d9ef5729c6efc3a8d59b25a0z2hQp1bEqLwIwCjaPDubOT7OAVGosOhUnwQxLe_GKbRWuHgV5Ei_4o3QCzR_N0c26VQ3ma9JrgraXgjx8dw1F30m8jRb2MRst1DQysSocJgTydmcw1RnTVsf-ZCntuZ-FlnMK9uCoxVI0dTc7gmxKpGNK8AaFieQ097d2VY_XSX8r3Ej9EuzDwDqVprWFObISBxQ0jZLyrBwsOURncJ3Ts9yeiBZG4EC5EWm98HxVRtyGpVS_4WyzWMQYwkbVMG-VD6UBC7-2vU4n03PWX8m-Wg3-sQiZVDQOED-rfshFvwIeKIGU5frJgO10RG_2aMnDzevpARmHehskfjbFnLgg"", ""Path"": ""top14-p5/gaoyuanshanchun/frames/00070-0012.jpg"", ""video_url"": ""None"", ""video_path"": ""top14-p5/gaoyuanshanchun/videos/00070.AVI""}","通过质检","一场游戏  一场梦","2021-07-02 09:35:14.0","是","","{""tags"":[],""objects"":[{""type"":""image/rect"",""data"":[{""x"":360.89,""y"":591.08},{""x"":434.02,""y"":591.08},{""x"":434.02,""y"":674.22},{""x"":360.89,""y"":674.22}],""tags"":[{""name"":""物体检测试标"",""label"":""多选"",""value"":[""目标类别物体出现比例-全部出现""]}],""featureId"":""feature-uQyyVSU8"",""color"":""#2D8CF0"",""name"":""RGB图片""},{""type"":""image/rect"",""data"":[{""x"":1254.39,""y"":245.5},{""x"":1305.48,""y"":245.5},{""x"":1305.48,""y"":309.61},{""x"":1254.39,""y"":309.61}],""tags"":[{""name"":""物体检测试标"",""label"":""多选"",""value"":[""目标类别物体出现比例-全部出现""]}],""featureId"":""feature-zqjG15ai"",""color"":""#2D8CF0"",""name"":""RGB图片""},{""type"":""image/rect"",""data"":[{""x"":1210.32,""y"":255.52},{""x"":1257.4,""y"":255.52},{""x"":1257.4,""y"":319.63},{""x"":1210.32,""y"":319.63}],""tags"":[{""name"":""物体检测试标"",""label"":""多选"",""value"":[""目标类别物体出现比例-全部出现""]}],""featureId"":""feature-haDC9zcM"",""color"":""#2D8CF0"",""name"":""RGB图片""},{""type"":""image/rect"",""data"":[{""x"":1167.24,""y"":262.53},{""x"":1219.33,""y"":262.53},{""x"":1219.33,""y"":326.64},{""x"":1167.24,""y"":326.64}],""tags"":[{""name"":""物体检测试标"",""label"":""多选"",""value"":[""目标类别物体出现比例-全部出现""]}],""featureId"":""feature-JrFHLtXh"",""color"":""#2D8CF0"",""name"":""RGB图片""},{""type"":""image/rect"",""data"":[{""x"":958.9,""y"":318.62},{""x"":994.96,""y"":318.62},{""x"":994.96,""y"":363.7},{""x"":958.9,""y"":363.7}],""tags"":[{""name"":""物体检测试标"",""label"":""多选"",""value"":[""目标类别物体出现比例-全部出现""]}],""featureId"":""feature-hcPd9Dm2"",""color"":""#2D8CF0"",""name"":""RGB图片""}]}"
"608017164766228480	","608014706841255982	","{""id"": ""892"", ""tag"": ""高原山鹑"", ""url"": ""https://aidata-1258344706.cos.ap-guangzhou.myqcloud.com/target/resource/607946138525167616/607947458298548270_00070-0013.jpg?q-sign-algorithm=sha1&q-ak=AKIDy4tC_j9NmhxOmW9_dzM1qYBuVN2BvZVTuo8xM6BqXEsahdP_QsJsH2fKA2fb9S5U&q-sign-time=1625113227;1625372427&q-key-time=1625113227;1625372427&q-header-list=&q-url-param-list=&q-signature=f300e509a18fb80130748b8df5e86a28ac910faf&x-cos-security-token=f8R33Ych2nIgnJWU0fO2jYYseUjEYY2aa06e16a0376ce841cdf908e07ff83938VaC13eq7yKcvisbvjeGoDL2hcEkDcsDIBVmBWv3TxhAOhVKZ70h6oAkVz0yCsCUeRUGii6cqaSp6NgtKXTDEdn1C2U9HkCkQz-tI6yyyeLTi0wZ_bf5BNducwxks9E_Zf34JQThpcHD5AqPwzVEsK0PJUIrl6_JSn7m3BZHfSk8hhJZf56NcN31HU66hFXHDD19KjjP69N8_RfIZGoe8qHKs_b5TY1KcfC6AKFFKqsnaDJKTGMc7vRkq7jeaFFFKHr2fmvfiH0jMfaOo5sbh6AikkrVhlqexTiZySAHBnfGlRlBmJHuDBM20OoFTLgjiWAX0sugIs1jF55gidEdldg"", ""Path"": ""top14-p5/gaoyuanshanchun/frames/00070-0013.jpg"", ""video_url"": ""None"", ""video_path"": ""top14-p5/gaoyuanshanchun/videos/00070.AVI""}","通过质检","一场游戏  一场梦","2021-07-02 09:34:28.0","是","","{""tags"":[],""objects"":[{""type"":""image/rect"",""data"":[{""x"":1261.75,""y"":246.38},{""x"":1311.47,""y"":246.38},{""x"":1311.47,""y"":301.5},{""x"":1261.75,""y"":301.5}],""tags"":[{""name"":""物体检测试标"",""label"":""多选"",""value"":[""目标类别物体出现比例-全部出现""]}],""featureId"":""feature-cfXecn8P"",""color"":""#2D8CF0"",""name"":""RGB图片""},{""type"":""image/rect"",""data"":[{""x"":1195.83,""y"":263.67},{""x"":1260.67,""y"":263.67},{""x"":1260.67,""y"":331.76},{""x"":1195.83,""y"":331.76}],""tags"":[{""name"":""物体检测试标"",""label"":""多选"",""value"":[""目标类别物体出现比例-全部出现""]}],""featureId"":""feature-5RELL6uz"",""color"":""#2D8CF0"",""name"":""RGB图片""},{""type"":""image/rect"",""data"":[{""x"":1169.89,""y"":257.19},{""x"":1220.68,""y"":257.19},{""x"":1220.68,""y"":320.95},{""x"":1169.89,""y"":320.95}],""tags"":[{""name"":""物体检测试标"",""label"":""多选"",""value"":[""目标类别物体出现比例-全部出现""]}],""featureId"":""feature-Ay7lYDo5"",""color"":""#2D8CF0"",""name"":""RGB图片""}]}"
"608017164766228480	","608014706841255983	","{""id"": ""893"", ""tag"": ""高原山鹑"", ""url"": ""https://aidata-1258344706.cos.ap-guangzhou.myqcloud.com/target/resource/607946138525167616/607947458298548271_00070-0014.jpg?q-sign-algorithm=sha1&q-ak=AKIDpDiguwQJuqzpUCXTFzYQqjqJDlxeoGjV3NWeNW5ArfFUsV2SdTmR25_sec5YjxRi&q-sign-time=1625113227;1625372427&q-key-time=1625113227;1625372427&q-header-list=&q-url-param-list=&q-signature=1b84f12bd5b13764c8ad3c47799302c38900dfdf&x-cos-security-token=f8R33Ych2nIgnJWU0fO2jYYseUjEYY2af5fc203d5bbd7c1507755f5617b89854VaC13eq7yKcvisbvjeGoDL2hcEkDcsDIBVmBWv3TxhAOhVKZ70h6oAkVz0yCsCUeRUGii6cqaSp6NgtKXTDEdn1C2U9HkCkQz-tI6yyyeLTi0wZ_bf5BNducwxks9E_Zf34JQThpcHD5AqPwzVEsK0PJUIrl6_JSn7m3BZHfSk8hhJZf56NcN31HU66hFXHDD19KjjP69N8_RfIZGoe8qHKs_b5TY1KcfC6AKFFKqsnaDJKTGMc7vRkq7jeaFFFKHr2fmvfiH0jMfaOo5sbh6AikkrVhlqexTiZySAHBnfGIEZxDIsoju2BFE5QVTjXq7jUDJGVgluwSyH496A5_HA"", ""Path"": ""top14-p5/gaoyuanshanchun/frames/00070-0014.jpg"", ""video_url"": ""None"", ""video_path"": ""top14-p5/gaoyuanshanchun/videos/00070.AVI""}","通过质检","一场游戏  一场梦","2021-07-02 09:34:09.0","是","","{""tags"":[],""objects"":[{""type"":""image/rect"",""data"":[{""x"":1212.11,""y"":256.45},{""x"":1262.91,""y"":256.45},{""x"":1262.91,""y"":318.05},{""x"":1212.11,""y"":318.05}],""tags"":[{""name"":""物体检测试标"",""label"":""多选"",""value"":[""目标类别物体出现比例-全部出现""]}],""featureId"":""feature-fZrndHlN"",""color"":""#2D8CF0"",""name"":""RGB图片""},{""type"":""image/rect"",""data"":[{""x"":1168.88,""y"":256.45},{""x"":1227.24,""y"":256.45},{""x"":1227.24,""y"":329.94},{""x"":1168.88,""y"":329.94}],""tags"":[{""name"":""物体检测试标"",""label"":""多选""}],""featureId"":""feature-jajv6OWy"",""color"":""#2D8CF0"",""name"":""RGB图片""}]}"
"608017164766228480	","608014706841255984	","{""id"": ""894"", ""tag"": ""高原山鹑"", ""url"": ""https://aidata-1258344706.cos.ap-guangzhou.myqcloud.com/target/resource/607946138525167616/607947458298548272_00070-0015.jpg?q-sign-algorithm=sha1&q-ak=AKID2SfnBjKICswDNrhA7MZTsjosgQss5btz68B4LM74Rv4lJ17gja1UxtXsWU1kZQFe&q-sign-time=1625113227;1625372427&q-key-time=1625113227;1625372427&q-header-list=&q-url-param-list=&q-signature=7610785ee77db80706be12f60ca9ea532ca887fd&x-cos-security-token=K6Q8xOwyR6xmlE4mK84dZ0yf6kRyHr7a445aea774f92a9b8499b2370fe9781d4qx3Lnew6f7h5Vle8xLbUxY3BqVNFiBVe_V0oGZ76RRtSbVVnsoLRSK37KX9pQk9V07SwUOwPTSJrAYbcYHrNF2_ryv4z_-hwePwAQSDEja2RvI5J5W30paNIuiO3tm-cz7mdmfL5UX595yvvIy8xqNoAVvuZlqapzrEYOumVkHHeN4gG55ibbQw_QdpupQUEHxgzuYvn_ExlkjlW3OJEFa5pz2-Z2WJya6eEg_6ocflCzTHhH6JyMmcEhaj27i29_7LFsn0o6Igg_z7A-1vdyBKl9wmVhFFajaMVZQvjucqhOwtcLHTS1mcvpyyqfGJMCV55oU3qTOX2FnSKv3jGGA"", ""Path"": ""top14-p5/gaoyuanshanchun/frames/00070-0015.jpg"", ""video_url"": ""None"", ""video_path"": ""top14-p5/gaoyuanshanchun/videos/00070.AVI""}","通过质检","一场游戏  一场梦","2021-07-02 09:32:43.0","是","","{""tags"":[],""objects"":[{""type"":""image/rect"",""data"":[{""x"":1212.32,""y"":261.53},{""x"":1265.41,""y"":261.53},{""x"":1265.41,""y"":316.62},{""x"":1212.32,""y"":316.62}],""tags"":[{""name"":""物体检测试标"",""label"":""多选"",""value"":[""目标类别物体出现比例-全部出现""]}],""featureId"":""feature-zmrodGMh"",""color"":""#2D8CF0"",""name"":""RGB图片""},{""type"":""image/rect"",""data"":[{""x"":1169.25,""y"":256.52},{""x"":1227.35,""y"":256.52},{""x"":1227.35,""y"":317.62},{""x"":1169.25,""y"":317.62}],""tags"":[{""name"":""物体检测试标"",""label"":""多选"",""value"":[""目标类别物体出现比例-全部出现""]}],""featureId"":""feature-imarXGE2"",""color"":""#2D8CF0"",""name"":""RGB图片""}]}"
"608017164766228480	","608014706841255985	","{""id"": ""895"", ""tag"": ""高原山鹑"", ""url"": ""https://aidata-1258344706.cos.ap-guangzhou.myqcloud.com/target/resource/607946138525167616/607947458298548273_00070-0016.jpg?q-sign-algorithm=sha1&q-ak=AKIDYt2_gDBI6aAeTUzOyjf5Xolcx9DbU3CANyU_o8jUJtfwI_J8flcpBZz6VqlxKVQd&q-sign-time=1625113227;1625372427&q-key-time=1625113227;1625372427&q-header-list=&q-url-param-list=&q-signature=fa06c87b5acde2a6d13e2a92cfe011195dffa41b&x-cos-security-token=K6Q8xOwyR6xmlE4mK84dZ0yf6kRyHr7abe56553c5207161d3e2070b89c1f6581qx3Lnew6f7h5Vle8xLbUxY3BqVNFiBVe_V0oGZ76RRtSbVVnsoLRSK37KX9pQk9V07SwUOwPTSJrAYbcYHrNF2_ryv4z_-hwePwAQSDEja2RvI5J5W30paNIuiO3tm-cz7mdmfL5UX595yvvIy8xqNoAVvuZlqapzrEYOumVkHHeN4gG55ibbQw_QdpupQUEHxgzuYvn_ExlkjlW3OJEFa5pz2-Z2WJya6eEg_6ocflCzTHhH6JyMmcEhaj27i29_7LFsn0o6Igg_z7A-1vdyBKl9wmVhFFajaMVZQvjucov7N5KkRg_jM__Io5xdWCOPAv_BBa2MMGkWqF3J8xMJg"", ""Path"": ""top14-p5/gaoyuanshanchun/frames/00070-0016.jpg"", ""video_url"": ""None"", ""video_path"": ""top14-p5/gaoyuanshanchun/videos/00070.AVI""}","通过质检","一场游戏  一场梦","2021-07-02 09:32:21.0","是","","{""tags"":[],""objects"":[{""type"":""image/rect"",""data"":[{""x"":1213.29,""y"":263.25},{""x"":1258.6,""y"":263.25},{""x"":1258.6,""y"":320.15},{""x"":1213.29,""y"":320.15}],""tags"":[{""name"":""物体检测试标"",""label"":""多选"",""value"":[""目标类别物体出现比例-全部出现""]}],""featureId"":""feature-yPywui0p"",""color"":""#2D8CF0"",""name"":""RGB图片""},{""type"":""image/rect"",""data"":[{""x"":1169.04,""y"":257.98},{""x"":1222.77,""y"":257.98},{""x"":1222.77,""y"":308.56},{""x"":1169.04,""y"":308.56}],""tags"":[{""name"":""物体检测试标"",""label"":""多选"",""value"":[""目标类别物体出现比例-全部出现""]}],""featureId"":""feature-iRN239sX"",""color"":""#2D8CF0"",""name"":""RGB图片""}]}"
"608017164766228480	","608014706841255986	","{""id"": ""896"", ""tag"": ""高原山鹑"", ""url"": ""https://aidata-1258344706.cos.ap-guangzhou.myqcloud.com/target/resource/607946138525167616/607947458298548274_00070-0017.jpg?q-sign-algorithm=sha1&q-ak=AKIDDIaaUVQVEkNduEzy491fMApmv32hOThAqS-t7oaI15jAoWdlX0crNnVsH57Tu4b7&q-sign-time=1625113227;1625372427&q-key-time=1625113227;1625372427&q-header-list=&q-url-param-list=&q-signature=59e330065a37b0e17e443755e10d915154d0bba3&x-cos-security-token=K6Q8xOwyR6xmlE4mK84dZ0yf6kRyHr7afb58b839e40665e8bf3fa3e858d55addqx3Lnew6f7h5Vle8xLbUxY3BqVNFiBVe_V0oGZ76RRtSbVVnsoLRSK37KX9pQk9V07SwUOwPTSJrAYbcYHrNF2_ryv4z_-hwePwAQSDEja2RvI5J5W30paNIuiO3tm-cz7mdmfL5UX595yvvIy8xqNoAVvuZlqapzrEYOumVkHHeN4gG55ibbQw_QdpupQUEHxgzuYvn_ExlkjlW3OJEFa5pz2-Z2WJya6eEg_6ocflCzTHhH6JyMmcEhaj27i29_7LFsn0o6Igg_z7A-1vdyBKl9wmVhFFajaMVZQvjucqJ1OpnpLsicGererOdwj7Ye46WoNoZE00Iaq9gz_3ODQ"", ""Path"": ""top14-p5/gaoyuanshanchun/frames/00070-0017.jpg"", ""video_url"": ""None"", ""video_path"": ""top14-p5/gaoyuanshanchun/videos/00070.AVI""}","通过质检","一场游戏  一场梦","2021-07-02 09:31:40.0","是","","{""tags"":[],""objects"":[{""type"":""image/rect"",""data"":[{""x"":1169.4,""y"":261.7},{""x"":1220.18,""y"":261.7},{""x"":1220.18,""y"":329.09},{""x"":1169.4,""y"":329.09}],""tags"":[{""name"":""物体检测试标"",""label"":""多选"",""value"":[""目标类别物体出现比例-全部出现""]}],""featureId"":""feature-acGEhsC3"",""color"":""#2D8CF0"",""name"":""RGB图片""}]}"
